-- Data Export from Supabase
-- Generated: 2025-11-29T19:34:48.638Z

-- Data for table: audit_logs
INSERT INTO audit_logs (id, user_id, action, entity_type, entity_id, old_values, new_values, ip_address, user_agent, created_at) VALUES (1, 1, 'LOGIN', 'USER', '1', NULL, '{"email":"admin@aguamarina.com"}', '::ffff:100.64.0.4', NULL, '2025-10-15T15:38:47.262Z');
INSERT INTO audit_logs (id, user_id, action, entity_type, entity_id, old_values, new_values, ip_address, user_agent, created_at) VALUES (2, 1, 'LOGIN', 'USER', '1', NULL, '{"email":"admin@aguamarina.com"}', '::ffff:100.64.0.3', NULL, '2025-10-15T15:42:12.461Z');
INSERT INTO audit_logs (id, user_id, action, entity_type, entity_id, old_values, new_values, ip_address, user_agent, created_at) VALUES (3, 1, 'LOGIN', 'USER', '1', NULL, '{"email":"admin@aguamarina.com"}', '::ffff:100.64.0.4', NULL, '2025-10-15T16:15:48.012Z');
INSERT INTO audit_logs (id, user_id, action, entity_type, entity_id, old_values, new_values, ip_address, user_agent, created_at) VALUES (4, 1, 'LOGIN', 'USER', '1', NULL, '{"email":"admin@aguamarina.com"}', '::ffff:100.64.0.3', NULL, '2025-10-15T16:22:47.184Z');
INSERT INTO audit_logs (id, user_id, action, entity_type, entity_id, old_values, new_values, ip_address, user_agent, created_at) VALUES (5, 1, 'LOGIN', 'USER', '1', NULL, '{"email":"admin@aguamarina.com"}', '179.49.77.13', NULL, '2025-10-15T16:26:48.130Z');
INSERT INTO audit_logs (id, user_id, action, entity_type, entity_id, old_values, new_values, ip_address, user_agent, created_at) VALUES (6, 1, 'LOGIN', 'USER', '1', NULL, '{"email":"admin@aguamarina.com"}', '179.49.77.13', NULL, '2025-10-15T16:54:35.028Z');
INSERT INTO audit_logs (id, user_id, action, entity_type, entity_id, old_values, new_values, ip_address, user_agent, created_at) VALUES (7, 1, 'LOGIN', 'USER', '1', NULL, '{"email":"admin@aguamarina.com"}', '179.49.77.13', NULL, '2025-10-15T17:14:44.780Z');
INSERT INTO audit_logs (id, user_id, action, entity_type, entity_id, old_values, new_values, ip_address, user_agent, created_at) VALUES (8, 1, 'LOGIN', 'USER', '1', NULL, '{"email":"admin@aguamarina.com"}', '179.49.77.13', NULL, '2025-10-17T03:35:32.107Z');
INSERT INTO audit_logs (id, user_id, action, entity_type, entity_id, old_values, new_values, ip_address, user_agent, created_at) VALUES (9, 1, 'LOGIN', 'USER', '1', NULL, '{"email":"admin@aguamarina.com"}', '179.49.77.13', NULL, '2025-10-17T04:44:36.907Z');
INSERT INTO audit_logs (id, user_id, action, entity_type, entity_id, old_values, new_values, ip_address, user_agent, created_at) VALUES (10, 1, 'LOGIN', 'USER', '1', NULL, '{"email":"admin@aguamarina.com"}', '179.49.77.13', NULL, '2025-10-17T05:04:30.916Z');
INSERT INTO audit_logs (id, user_id, action, entity_type, entity_id, old_values, new_values, ip_address, user_agent, created_at) VALUES (11, 1, 'LOGIN', 'USER', '1', NULL, '{"email":"admin@aguamarina.com"}', '179.49.77.13', NULL, '2025-10-17T05:04:37.488Z');
INSERT INTO audit_logs (id, user_id, action, entity_type, entity_id, old_values, new_values, ip_address, user_agent, created_at) VALUES (12, 1, 'LOGIN', 'USER', '1', NULL, '{"email":"admin@aguamarina.com"}', '179.49.77.13', NULL, '2025-10-17T05:04:45.939Z');
INSERT INTO audit_logs (id, user_id, action, entity_type, entity_id, old_values, new_values, ip_address, user_agent, created_at) VALUES (13, 1, 'LOGIN', 'USER', '1', NULL, '{"email":"admin@aguamarina.com"}', '179.49.77.13', NULL, '2025-10-17T05:10:21.018Z');
INSERT INTO audit_logs (id, user_id, action, entity_type, entity_id, old_values, new_values, ip_address, user_agent, created_at) VALUES (14, 1, 'LOGIN', 'USER', '1', NULL, '{"email":"admin@aguamarina.com"}', '179.49.77.13', NULL, '2025-10-17T05:10:31.389Z');
INSERT INTO audit_logs (id, user_id, action, entity_type, entity_id, old_values, new_values, ip_address, user_agent, created_at) VALUES (15, 1, 'LOGIN', 'USER', '1', NULL, '{"email":"admin@aguamarina.com"}', '179.49.77.13', NULL, '2025-10-17T05:10:40.434Z');
INSERT INTO audit_logs (id, user_id, action, entity_type, entity_id, old_values, new_values, ip_address, user_agent, created_at) VALUES (16, 1, 'LOGIN', 'USER', '1', NULL, '{"email":"admin@aguamarina.com"}', '179.49.77.13', NULL, '2025-10-17T05:16:02.874Z');
INSERT INTO audit_logs (id, user_id, action, entity_type, entity_id, old_values, new_values, ip_address, user_agent, created_at) VALUES (17, 1, 'LOGIN', 'USER', '1', NULL, '{"email":"admin@aguamarina.com"}', '179.49.77.13', NULL, '2025-10-17T05:16:30.559Z');
INSERT INTO audit_logs (id, user_id, action, entity_type, entity_id, old_values, new_values, ip_address, user_agent, created_at) VALUES (18, 1, 'LOGIN', 'USER', '1', NULL, '{"email":"admin@aguamarina.com"}', '179.49.77.13', NULL, '2025-10-17T05:21:02.751Z');
INSERT INTO audit_logs (id, user_id, action, entity_type, entity_id, old_values, new_values, ip_address, user_agent, created_at) VALUES (19, 1, 'LOGIN', 'USER', '1', NULL, '{"email":"admin@aguamarina.com"}', '179.49.77.13', NULL, '2025-10-17T05:21:06.665Z');
INSERT INTO audit_logs (id, user_id, action, entity_type, entity_id, old_values, new_values, ip_address, user_agent, created_at) VALUES (20, 1, 'LOGIN', 'USER', '1', NULL, '{"email":"admin@aguamarina.com"}', '179.49.77.13', NULL, '2025-10-17T05:21:08.514Z');
INSERT INTO audit_logs (id, user_id, action, entity_type, entity_id, old_values, new_values, ip_address, user_agent, created_at) VALUES (21, 1, 'LOGIN', 'USER', '1', NULL, '{"email":"admin@aguamarina.com"}', '179.49.77.13', NULL, '2025-10-17T05:21:58.513Z');
INSERT INTO audit_logs (id, user_id, action, entity_type, entity_id, old_values, new_values, ip_address, user_agent, created_at) VALUES (22, 1, 'LOGIN', 'USER', '1', NULL, '{"email":"admin@aguamarina.com"}', '179.49.77.13', NULL, '2025-10-17T05:22:20.977Z');
INSERT INTO audit_logs (id, user_id, action, entity_type, entity_id, old_values, new_values, ip_address, user_agent, created_at) VALUES (23, 1, 'LOGIN', 'USER', '1', NULL, '{"email":"admin@aguamarina.com"}', '179.49.77.13', NULL, '2025-10-17T05:22:45.883Z');
INSERT INTO audit_logs (id, user_id, action, entity_type, entity_id, old_values, new_values, ip_address, user_agent, created_at) VALUES (24, 1, 'LOGIN', 'USER', '1', NULL, '{"email":"admin@aguamarina.com"}', '179.49.77.13', NULL, '2025-10-17T05:28:10.014Z');
INSERT INTO audit_logs (id, user_id, action, entity_type, entity_id, old_values, new_values, ip_address, user_agent, created_at) VALUES (25, 1, 'LOGIN', 'USER', '1', NULL, '{"email":"admin@aguamarina.com"}', '179.49.77.13', NULL, '2025-10-17T05:32:24.947Z');
INSERT INTO audit_logs (id, user_id, action, entity_type, entity_id, old_values, new_values, ip_address, user_agent, created_at) VALUES (26, 1, 'LOGIN', 'USER', '1', NULL, '{"email":"admin@aguamarina.com"}', '179.49.77.13', NULL, '2025-10-17T05:50:09.821Z');
INSERT INTO audit_logs (id, user_id, action, entity_type, entity_id, old_values, new_values, ip_address, user_agent, created_at) VALUES (27, 1, 'LOGIN', 'USER', '1', NULL, '{"email":"admin@aguamarina.com"}', '179.49.77.13', NULL, '2025-10-17T06:00:41.498Z');
INSERT INTO audit_logs (id, user_id, action, entity_type, entity_id, old_values, new_values, ip_address, user_agent, created_at) VALUES (28, 1, 'LOGIN', 'USER', '1', NULL, '{"email":"admin@aguamarina.com"}', '179.49.77.13', NULL, '2025-10-17T06:09:29.787Z');
INSERT INTO audit_logs (id, user_id, action, entity_type, entity_id, old_values, new_values, ip_address, user_agent, created_at) VALUES (29, 1, 'LOGIN', 'USER', '1', NULL, '{"email":"admin@aguamarina.com"}', '179.49.77.13', NULL, '2025-10-17T06:18:10.162Z');
INSERT INTO audit_logs (id, user_id, action, entity_type, entity_id, old_values, new_values, ip_address, user_agent, created_at) VALUES (30, 1, 'LOGIN', 'USER', '1', NULL, '{"email":"admin@aguamarina.com"}', '179.49.77.13', NULL, '2025-10-17T06:25:06.365Z');
INSERT INTO audit_logs (id, user_id, action, entity_type, entity_id, old_values, new_values, ip_address, user_agent, created_at) VALUES (31, 1, 'CREATE', 'PRODUCT', '4', NULL, '{"sku":"PROD-20251017-4754","name":"prueba","slug":"prueba","price":1499,"isActive":true,"categoryId":null,"isFeatured":false,"description":"dasdfbasdkjasbda","stockQuantity":0,"shortDescription":"dffjsfjsbd","lowStockThreshold":10}', NULL, NULL, '2025-10-17T06:25:59.131Z');
INSERT INTO audit_logs (id, user_id, action, entity_type, entity_id, old_values, new_values, ip_address, user_agent, created_at) VALUES (32, 1, 'LOGIN', 'USER', '1', NULL, '{"email":"admin@aguamarina.com"}', '179.49.77.13', NULL, '2025-10-17T06:35:27.788Z');
INSERT INTO audit_logs (id, user_id, action, entity_type, entity_id, old_values, new_values, ip_address, user_agent, created_at) VALUES (33, 1, 'LOGIN', 'USER', '1', NULL, '{"email":"admin@aguamarina.com"}', '179.49.77.13', NULL, '2025-10-17T06:35:49.115Z');
INSERT INTO audit_logs (id, user_id, action, entity_type, entity_id, old_values, new_values, ip_address, user_agent, created_at) VALUES (34, 1, 'CREATE', 'PRODUCT', '7', NULL, '{"sku":"PROD-20251017-3607","name":"prueba1","slug":"prueba1","price":1500,"isActive":true,"categoryId":null,"isFeatured":false,"description":"adsadadada","comparePrice":1500,"stockQuantity":2,"shortDescription":"asdasdas","lowStockThreshold":10}', NULL, NULL, '2025-10-17T06:36:33.040Z');
INSERT INTO audit_logs (id, user_id, action, entity_type, entity_id, old_values, new_values, ip_address, user_agent, created_at) VALUES (35, 1, 'LOGIN', 'USER', '1', NULL, '{"email":"admin@aguamarina.com"}', '179.49.77.13', NULL, '2025-10-17T06:48:54.099Z');
INSERT INTO audit_logs (id, user_id, action, entity_type, entity_id, old_values, new_values, ip_address, user_agent, created_at) VALUES (36, 1, 'CREATE', 'PRODUCT', '8', NULL, '{"sku":"PROD-20251017-1364","name":"prueba2","slug":"prueba2","price":1600,"isActive":true,"categoryId":null,"isFeatured":false,"description":"asdasdasdasdad","comparePrice":1599,"stockQuantity":10,"shortDescription":"sdasdasda","lowStockThreshold":10}', NULL, NULL, '2025-10-17T06:49:33.305Z');
INSERT INTO audit_logs (id, user_id, action, entity_type, entity_id, old_values, new_values, ip_address, user_agent, created_at) VALUES (37, 1, 'LOGIN', 'USER', '1', NULL, '{"email":"admin@aguamarina.com"}', '179.49.77.13', NULL, '2025-10-22T14:29:29.496Z');
INSERT INTO audit_logs (id, user_id, action, entity_type, entity_id, old_values, new_values, ip_address, user_agent, created_at) VALUES (38, 1, 'LOGIN', 'USER', '1', NULL, '{"email":"admin@aguamarina.com"}', '179.49.77.13', NULL, '2025-10-22T18:59:41.051Z');
INSERT INTO audit_logs (id, user_id, action, entity_type, entity_id, old_values, new_values, ip_address, user_agent, created_at) VALUES (39, 1, 'LOGIN', 'USER', '1', NULL, '{"email":"admin@aguamarina.com"}', '179.49.77.13', NULL, '2025-10-22T19:13:03.646Z');
INSERT INTO audit_logs (id, user_id, action, entity_type, entity_id, old_values, new_values, ip_address, user_agent, created_at) VALUES (40, 1, 'LOGIN', 'USER', '1', NULL, '{"email":"admin@aguamarina.com"}', '179.49.77.13', NULL, '2025-10-22T19:24:05.725Z');
INSERT INTO audit_logs (id, user_id, action, entity_type, entity_id, old_values, new_values, ip_address, user_agent, created_at) VALUES (41, 1, 'LOGIN', 'USER', '1', NULL, '{"email":"admin@aguamarina.com"}', '179.49.77.13', NULL, '2025-10-22T22:27:24.817Z');
INSERT INTO audit_logs (id, user_id, action, entity_type, entity_id, old_values, new_values, ip_address, user_agent, created_at) VALUES (42, 1, 'LOGIN', 'USER', '1', NULL, '{"email":"admin@aguamarina.com"}', '179.49.77.13', NULL, '2025-10-22T22:49:56.766Z');
INSERT INTO audit_logs (id, user_id, action, entity_type, entity_id, old_values, new_values, ip_address, user_agent, created_at) VALUES (43, 1, 'LOGIN', 'USER', '1', NULL, '{"email":"admin@aguamarina.com"}', '179.49.77.13', NULL, '2025-10-22T22:50:40.396Z');
INSERT INTO audit_logs (id, user_id, action, entity_type, entity_id, old_values, new_values, ip_address, user_agent, created_at) VALUES (44, 1, 'LOGIN', 'USER', '1', NULL, '{"email":"admin@aguamarina.com"}', '179.49.77.13', NULL, '2025-10-22T22:51:23.261Z');
INSERT INTO audit_logs (id, user_id, action, entity_type, entity_id, old_values, new_values, ip_address, user_agent, created_at) VALUES (45, 1, 'LOGIN', 'USER', '1', NULL, '{"email":"admin@aguamarina.com"}', '179.49.77.13', NULL, '2025-10-22T23:11:15.523Z');
INSERT INTO audit_logs (id, user_id, action, entity_type, entity_id, old_values, new_values, ip_address, user_agent, created_at) VALUES (46, 1, 'LOGIN', 'USER', '1', NULL, '{"email":"admin@aguamarina.com"}', '179.49.77.13', NULL, '2025-10-22T23:24:11.055Z');
INSERT INTO audit_logs (id, user_id, action, entity_type, entity_id, old_values, new_values, ip_address, user_agent, created_at) VALUES (47, 1, 'LOGIN', 'USER', '1', NULL, '{"email":"admin@aguamarina.com"}', '179.49.77.13', NULL, '2025-10-23T00:06:46.276Z');
INSERT INTO audit_logs (id, user_id, action, entity_type, entity_id, old_values, new_values, ip_address, user_agent, created_at) VALUES (48, 1, 'LOGIN', 'USER', '1', NULL, '{"email":"admin@aguamarina.com"}', '179.49.77.13', NULL, '2025-10-23T00:15:11.318Z');
INSERT INTO audit_logs (id, user_id, action, entity_type, entity_id, old_values, new_values, ip_address, user_agent, created_at) VALUES (49, 1, 'LOGIN', 'USER', '1', NULL, '{"email":"admin@aguamarina.com"}', '179.49.77.13', NULL, '2025-10-23T00:21:13.586Z');
INSERT INTO audit_logs (id, user_id, action, entity_type, entity_id, old_values, new_values, ip_address, user_agent, created_at) VALUES (50, 1, 'LOGIN', 'USER', '1', NULL, '{"email":"admin@aguamarina.com"}', '179.49.77.13', NULL, '2025-10-23T00:23:55.902Z');
INSERT INTO audit_logs (id, user_id, action, entity_type, entity_id, old_values, new_values, ip_address, user_agent, created_at) VALUES (51, 1, 'LOGIN', 'USER', '1', NULL, '{"email":"admin@aguamarina.com"}', '179.49.77.13', NULL, '2025-10-23T00:35:51.298Z');
INSERT INTO audit_logs (id, user_id, action, entity_type, entity_id, old_values, new_values, ip_address, user_agent, created_at) VALUES (52, 1, 'LOGIN', 'USER', '1', NULL, '{"email":"admin@aguamarina.com"}', '179.49.77.13', NULL, '2025-10-23T00:42:03.790Z');
INSERT INTO audit_logs (id, user_id, action, entity_type, entity_id, old_values, new_values, ip_address, user_agent, created_at) VALUES (53, 1, 'LOGIN', 'USER', '1', NULL, '{"email":"admin@aguamarina.com"}', '179.49.77.13', NULL, '2025-10-23T00:56:10.973Z');
INSERT INTO audit_logs (id, user_id, action, entity_type, entity_id, old_values, new_values, ip_address, user_agent, created_at) VALUES (54, 1, 'LOGIN', 'USER', '1', NULL, '{"email":"admin@aguamarina.com"}', '179.49.77.13', NULL, '2025-10-23T01:03:10.307Z');
INSERT INTO audit_logs (id, user_id, action, entity_type, entity_id, old_values, new_values, ip_address, user_agent, created_at) VALUES (55, 1, 'LOGIN', 'USER', '1', NULL, '{"email":"admin@aguamarina.com"}', '179.49.77.13', NULL, '2025-10-23T01:05:47.796Z');
INSERT INTO audit_logs (id, user_id, action, entity_type, entity_id, old_values, new_values, ip_address, user_agent, created_at) VALUES (56, 1, 'LOGIN', 'USER', '1', NULL, '{"email":"admin@aguamarina.com"}', '179.49.77.13', NULL, '2025-10-23T01:18:56.995Z');
INSERT INTO audit_logs (id, user_id, action, entity_type, entity_id, old_values, new_values, ip_address, user_agent, created_at) VALUES (57, 1, 'LOGIN', 'USER', '1', NULL, '{"email":"admin@aguamarina.com"}', '179.49.77.13', NULL, '2025-10-23T20:39:15.421Z');
INSERT INTO audit_logs (id, user_id, action, entity_type, entity_id, old_values, new_values, ip_address, user_agent, created_at) VALUES (79, 1, 'CREATE', 'PRODUCT', '13', NULL, '{"sku":"PROD-20251023-4937","name":"kuhmdev","slug":"kuhmdev","price":22344244,"isActive":true,"categoryId":null,"isFeatured":true,"description":"sfdf","stockQuantity":3,"shortDescription":"dsf","lowStockThreshold":10}', NULL, NULL, '2025-10-24T04:07:05.876Z');
INSERT INTO audit_logs (id, user_id, action, entity_type, entity_id, old_values, new_values, ip_address, user_agent, created_at) VALUES (80, 1, 'LOGIN', 'USER', '1', NULL, '{"email":"admin@aguamarina.com"}', '179.49.77.13', NULL, '2025-10-24T04:16:49.832Z');
INSERT INTO audit_logs (id, user_id, action, entity_type, entity_id, old_values, new_values, ip_address, user_agent, created_at) VALUES (58, 1, 'DELETE', 'PRODUCT', '8', '{"id":8,"sku":"PROD-20251017-1364","name":"prueba2","slug":"prueba2","tags":[],"color":null,"price":"1600.00","stock":0,"finish":null,"images":[],"weight":null,"featured":false,"keywords":null,"material":null,"image_url":null,"is_active":true,"cost_price":null,"created_at":"2025-10-17T03:49:33.293Z","dimensions":null,"meta_title":null,"updated_at":"2025-10-17T03:49:33.293Z","category_id":null,"description":"asdasdasdasdad","is_featured":false,"compare_price":"1599.00","discount_price":null,"specifications":{},"stock_quantity":10,"meta_description":null,"short_description":"sdasdasda","low_stock_threshold":10}', NULL, NULL, NULL, '2025-10-23T20:40:34.766Z');
INSERT INTO audit_logs (id, user_id, action, entity_type, entity_id, old_values, new_values, ip_address, user_agent, created_at) VALUES (59, 1, 'DELETE', 'PRODUCT', '7', '{"id":7,"sku":"PROD-20251017-3607","name":"prueba1","slug":"prueba1","tags":[],"color":null,"price":"1500.00","stock":0,"finish":null,"images":[],"weight":null,"featured":false,"keywords":null,"material":null,"image_url":null,"is_active":true,"cost_price":null,"created_at":"2025-10-17T03:36:33.031Z","dimensions":null,"meta_title":null,"updated_at":"2025-10-17T03:36:33.031Z","category_id":null,"description":"adsadadada","is_featured":false,"compare_price":"1500.00","discount_price":null,"specifications":{},"stock_quantity":2,"meta_description":null,"short_description":"asdasdas","low_stock_threshold":10}', NULL, NULL, NULL, '2025-10-23T20:40:38.129Z');
INSERT INTO audit_logs (id, user_id, action, entity_type, entity_id, old_values, new_values, ip_address, user_agent, created_at) VALUES (60, 1, 'DELETE', 'PRODUCT', '4', '{"id":4,"sku":"PROD-20251017-4754","name":"prueba","slug":"prueba","tags":[],"color":null,"price":"1499.00","stock":0,"finish":null,"images":[],"weight":null,"featured":false,"keywords":null,"material":null,"image_url":null,"is_active":true,"cost_price":null,"created_at":"2025-10-17T03:25:59.112Z","dimensions":{},"meta_title":null,"updated_at":"2025-10-17T03:25:59.112Z","category_id":null,"description":"dasdfbasdkjasbda","is_featured":false,"compare_price":null,"discount_price":null,"specifications":{},"stock_quantity":0,"meta_description":null,"short_description":null,"low_stock_threshold":5}', NULL, NULL, NULL, '2025-10-23T20:40:41.503Z');
INSERT INTO audit_logs (id, user_id, action, entity_type, entity_id, old_values, new_values, ip_address, user_agent, created_at) VALUES (61, 1, 'DELETE', 'PRODUCT', '1', '{"id":1,"sku":null,"name":"Mosaico Veneciano Blanco 30x30","slug":"mosaico-veneciano-blanco-30x30","tags":[],"color":null,"price":"1250.00","stock":150,"finish":null,"images":["https://images.unsplash.com/photo-1615529182904-14819c35db37?w=800","https://images.unsplash.com/photo-1600210492486-724fe5c67fb0?w=800"],"weight":null,"featured":true,"keywords":null,"material":null,"image_url":"https://images.unsplash.com/photo-1615529182904-14819c35db37?w=800","is_active":true,"cost_price":null,"created_at":"2025-10-15T11:05:10.922Z","dimensions":{},"meta_title":null,"updated_at":"2025-10-15T14:21:42.996Z","category_id":1,"description":"Elegante mosaico veneciano en color blanco mate. Ideal para baños y cocinas modernas.","is_featured":false,"compare_price":null,"discount_price":null,"specifications":{"acabado":"Mate","tamaño":"30x30 cm","material":"Cerámica"},"stock_quantity":0,"meta_description":null,"short_description":null,"low_stock_threshold":5}', NULL, NULL, NULL, '2025-10-23T20:40:46.564Z');
INSERT INTO audit_logs (id, user_id, action, entity_type, entity_id, old_values, new_values, ip_address, user_agent, created_at) VALUES (62, 1, 'DELETE', 'PRODUCT', '2', '{"id":2,"sku":null,"name":"Azulejo Geométrico Azul 20x20","slug":"azulejo-geometrico-azul-20x20","tags":[],"color":null,"price":"890.00","stock":200,"finish":null,"images":["https://images.unsplash.com/photo-1616628188550-808682f9dfe4?w=800"],"weight":null,"featured":true,"keywords":null,"material":null,"image_url":"https://images.unsplash.com/photo-1616628188550-808682f9dfe4?w=800","is_active":true,"cost_price":null,"created_at":"2025-10-15T11:05:10.922Z","dimensions":{},"meta_title":null,"updated_at":"2025-10-15T14:21:42.996Z","category_id":2,"description":"Azulejo decorativo con patrón geométrico en tonos azules. Perfecto para espacios modernos.","is_featured":false,"compare_price":null,"discount_price":null,"specifications":{"acabado":"Brillante","tamaño":"20x20 cm","material":"Porcelanato"},"stock_quantity":0,"meta_description":null,"short_description":null,"low_stock_threshold":5}', NULL, NULL, NULL, '2025-10-23T20:40:49.775Z');
INSERT INTO audit_logs (id, user_id, action, entity_type, entity_id, old_values, new_values, ip_address, user_agent, created_at) VALUES (63, 1, 'DELETE', 'PRODUCT', '3', '{"id":3,"sku":null,"name":"Piso Porcelanato Gris 60x60","slug":"piso-porcelanato-gris-60x60","tags":[],"color":null,"price":"1580.00","stock":120,"finish":null,"images":["https://images.unsplash.com/photo-1600210492486-724fe5c67fb0?w=800"],"weight":null,"featured":true,"keywords":null,"material":null,"image_url":"https://images.unsplash.com/photo-1600210492486-724fe5c67fb0?w=800","is_active":true,"cost_price":null,"created_at":"2025-10-15T11:05:10.922Z","dimensions":{},"meta_title":null,"updated_at":"2025-10-15T14:21:42.996Z","category_id":4,"description":"Porcelanato de alta resistencia en tono gris neutro. Ideal para alto tránsito.","is_featured":false,"compare_price":null,"discount_price":null,"specifications":{"acabado":"Mate","tamaño":"60x60 cm","material":"Porcelanato"},"stock_quantity":0,"meta_description":null,"short_description":null,"low_stock_threshold":5}', NULL, NULL, NULL, '2025-10-23T20:40:53.576Z');
INSERT INTO audit_logs (id, user_id, action, entity_type, entity_id, old_values, new_values, ip_address, user_agent, created_at) VALUES (64, 1, 'LOGIN', 'USER', '1', NULL, '{"email":"admin@aguamarina.com"}', '179.49.77.13', NULL, '2025-10-23T21:18:57.656Z');
INSERT INTO audit_logs (id, user_id, action, entity_type, entity_id, old_values, new_values, ip_address, user_agent, created_at) VALUES (65, 1, 'LOGIN', 'USER', '1', NULL, '{"email":"admin@aguamarina.com"}', '179.49.77.13', NULL, '2025-10-23T21:26:16.673Z');
INSERT INTO audit_logs (id, user_id, action, entity_type, entity_id, old_values, new_values, ip_address, user_agent, created_at) VALUES (66, 1, 'LOGIN', 'USER', '1', NULL, '{"email":"admin@aguamarina.com"}', '179.49.77.13', NULL, '2025-10-23T21:34:13.919Z');
INSERT INTO audit_logs (id, user_id, action, entity_type, entity_id, old_values, new_values, ip_address, user_agent, created_at) VALUES (67, 1, 'LOGIN', 'USER', '1', NULL, '{"email":"admin@aguamarina.com"}', '179.49.77.13', NULL, '2025-10-23T21:44:31.084Z');
INSERT INTO audit_logs (id, user_id, action, entity_type, entity_id, old_values, new_values, ip_address, user_agent, created_at) VALUES (68, 1, 'LOGIN', 'USER', '1', NULL, '{"email":"admin@aguamarina.com"}', '179.49.77.13', NULL, '2025-10-23T21:49:56.165Z');
INSERT INTO audit_logs (id, user_id, action, entity_type, entity_id, old_values, new_values, ip_address, user_agent, created_at) VALUES (69, 1, 'LOGIN', 'USER', '1', NULL, '{"email":"admin@aguamarina.com"}', '179.49.77.13', NULL, '2025-10-24T02:39:49.874Z');
INSERT INTO audit_logs (id, user_id, action, entity_type, entity_id, old_values, new_values, ip_address, user_agent, created_at) VALUES (70, 1, 'LOGIN', 'USER', '1', NULL, '{"email":"admin@aguamarina.com"}', '179.49.77.13', NULL, '2025-10-24T02:44:26.329Z');
INSERT INTO audit_logs (id, user_id, action, entity_type, entity_id, old_values, new_values, ip_address, user_agent, created_at) VALUES (71, 1, 'CREATE', 'CATEGORY', '1', NULL, '{"name":"Hierro","slug":"hierro","imageUrl":null,"isActive":true,"parentId":null,"displayOrder":0}', NULL, NULL, '2025-10-24T02:44:43.016Z');
INSERT INTO audit_logs (id, user_id, action, entity_type, entity_id, old_values, new_values, ip_address, user_agent, created_at) VALUES (72, 1, 'CREATE', 'PRODUCT', '9', NULL, '{"sku":"PROD-20251023-8779","name":"FuturoDigital","slug":"futurodigital","price":1500,"isActive":true,"categoryId":null,"isFeatured":false,"description":"fgfdd","stockQuantity":10,"shortDescription":"gfgd","lowStockThreshold":10}', NULL, NULL, '2025-10-24T03:10:02.412Z');
INSERT INTO audit_logs (id, user_id, action, entity_type, entity_id, old_values, new_values, ip_address, user_agent, created_at) VALUES (73, 1, 'LOGIN', 'USER', '1', NULL, '{"email":"admin@aguamarina.com"}', '179.49.77.13', NULL, '2025-10-24T03:36:22.036Z');
INSERT INTO audit_logs (id, user_id, action, entity_type, entity_id, old_values, new_values, ip_address, user_agent, created_at) VALUES (74, 1, 'LOGIN', 'USER', '1', NULL, '{"email":"admin@aguamarina.com"}', '179.49.77.13', NULL, '2025-10-24T03:37:07.760Z');
INSERT INTO audit_logs (id, user_id, action, entity_type, entity_id, old_values, new_values, ip_address, user_agent, created_at) VALUES (75, 1, 'CREATE', 'PRODUCT', '11', NULL, '{"sku":"PROD-20251023-4204","name":"Frontend","slug":"frontend","price":1599,"isActive":true,"categoryId":null,"isFeatured":false,"description":"dasdfhasbdhbasvbd ha","stockQuantity":5,"shortDescription":"nfnfbdnsbd","lowStockThreshold":10}', NULL, NULL, '2025-10-24T03:38:56.599Z');
INSERT INTO audit_logs (id, user_id, action, entity_type, entity_id, old_values, new_values, ip_address, user_agent, created_at) VALUES (76, 1, 'LOGIN', 'USER', '1', NULL, '{"email":"admin@aguamarina.com"}', '179.49.77.13', NULL, '2025-10-24T03:54:27.290Z');
INSERT INTO audit_logs (id, user_id, action, entity_type, entity_id, old_values, new_values, ip_address, user_agent, created_at) VALUES (77, 1, 'CREATE', 'PRODUCT', '12', NULL, '{"sku":"PROD-20251023-0966","name":"Pomodoro Timer","slug":"pomodoro-timer","price":3000,"isActive":true,"categoryId":null,"isFeatured":false,"description":"fsdfsdf","stockQuantity":2,"shortDescription":"efsd","lowStockThreshold":10}', NULL, NULL, '2025-10-24T03:55:01.203Z');
INSERT INTO audit_logs (id, user_id, action, entity_type, entity_id, old_values, new_values, ip_address, user_agent, created_at) VALUES (78, 1, 'LOGIN', 'USER', '1', NULL, '{"email":"admin@aguamarina.com"}', '179.49.77.13', NULL, '2025-10-24T04:06:24.852Z');
INSERT INTO audit_logs (id, user_id, action, entity_type, entity_id, old_values, new_values, ip_address, user_agent, created_at) VALUES (81, 1, 'CREATE', 'PRODUCT', '14', NULL, '{"sku":"PROD-20251023-3481","name":"tt","slug":"tt","price":77777,"isActive":true,"categoryId":null,"isFeatured":false,"description":"nknnlnlln","stockQuantity":4,"shortDescription":"hghgh","lowStockThreshold":10}', NULL, NULL, '2025-10-24T04:17:29.651Z');
INSERT INTO audit_logs (id, user_id, action, entity_type, entity_id, old_values, new_values, ip_address, user_agent, created_at) VALUES (82, 1, 'LOGIN', 'USER', '1', NULL, '{"email":"admin@aguamarina.com"}', '179.49.77.13', NULL, '2025-10-24T04:27:57.429Z');
INSERT INTO audit_logs (id, user_id, action, entity_type, entity_id, old_values, new_values, ip_address, user_agent, created_at) VALUES (83, 1, 'DELETE', 'PRODUCT', '14', '{"id":14,"sku":"PROD-20251023-3481","name":"tt","slug":"tt","tags":[],"color":null,"price":"77777.00","stock":0,"finish":null,"images":[],"weight":null,"featured":false,"keywords":null,"material":null,"image_url":null,"is_active":true,"cost_price":null,"created_at":"2025-10-24T01:17:29.643Z","dimensions":null,"meta_title":null,"updated_at":"2025-10-24T01:17:29.643Z","category_id":null,"description":"nknnlnlln","is_featured":false,"compare_price":null,"discount_price":null,"specifications":{},"stock_quantity":4,"meta_description":null,"short_description":"hghgh","low_stock_threshold":10}', NULL, NULL, NULL, '2025-10-24T04:28:39.649Z');
INSERT INTO audit_logs (id, user_id, action, entity_type, entity_id, old_values, new_values, ip_address, user_agent, created_at) VALUES (84, 1, 'DELETE', 'PRODUCT', '13', '{"id":13,"sku":"PROD-20251023-4937","name":"kuhmdev","slug":"kuhmdev","tags":[],"color":null,"price":"22344244.00","stock":0,"finish":null,"images":[],"weight":null,"featured":false,"keywords":null,"material":null,"image_url":null,"is_active":true,"cost_price":null,"created_at":"2025-10-24T01:07:05.869Z","dimensions":null,"meta_title":null,"updated_at":"2025-10-24T01:07:05.869Z","category_id":null,"description":"sfdf","is_featured":true,"compare_price":null,"discount_price":null,"specifications":{},"stock_quantity":3,"meta_description":null,"short_description":"dsf","low_stock_threshold":10}', NULL, NULL, NULL, '2025-10-24T04:28:42.462Z');
INSERT INTO audit_logs (id, user_id, action, entity_type, entity_id, old_values, new_values, ip_address, user_agent, created_at) VALUES (85, 1, 'DELETE', 'PRODUCT', '12', '{"id":12,"sku":"PROD-20251023-0966","name":"Pomodoro Timer","slug":"pomodoro-timer","tags":[],"color":null,"price":"3000.00","stock":0,"finish":null,"images":[],"weight":null,"featured":false,"keywords":null,"material":null,"image_url":null,"is_active":true,"cost_price":null,"created_at":"2025-10-24T00:55:01.165Z","dimensions":null,"meta_title":null,"updated_at":"2025-10-24T00:55:01.165Z","category_id":null,"description":"fsdfsdf","is_featured":false,"compare_price":null,"discount_price":null,"specifications":{},"stock_quantity":2,"meta_description":null,"short_description":"efsd","low_stock_threshold":10}', NULL, NULL, NULL, '2025-10-24T04:28:45.036Z');
INSERT INTO audit_logs (id, user_id, action, entity_type, entity_id, old_values, new_values, ip_address, user_agent, created_at) VALUES (86, 1, 'DELETE', 'PRODUCT', '11', '{"id":11,"sku":"PROD-20251023-4204","name":"Frontend","slug":"frontend","tags":[],"color":null,"price":"1599.00","stock":0,"finish":null,"images":[],"weight":null,"featured":false,"keywords":null,"material":null,"image_url":null,"is_active":true,"cost_price":null,"created_at":"2025-10-24T00:38:56.581Z","dimensions":null,"meta_title":null,"updated_at":"2025-10-24T00:38:56.581Z","category_id":null,"description":"dasdfhasbdhbasvbd ha","is_featured":false,"compare_price":null,"discount_price":null,"specifications":{},"stock_quantity":5,"meta_description":null,"short_description":"nfnfbdnsbd","low_stock_threshold":10}', NULL, NULL, NULL, '2025-10-24T04:28:47.715Z');
INSERT INTO audit_logs (id, user_id, action, entity_type, entity_id, old_values, new_values, ip_address, user_agent, created_at) VALUES (87, 1, 'DELETE', 'PRODUCT', '9', '{"id":9,"sku":"PROD-20251023-8779","name":"FuturoDigital","slug":"futurodigital","tags":[],"color":null,"price":"1500.00","stock":0,"finish":null,"images":[],"weight":null,"featured":false,"keywords":null,"material":null,"image_url":null,"is_active":true,"cost_price":null,"created_at":"2025-10-24T00:10:02.378Z","dimensions":null,"meta_title":null,"updated_at":"2025-10-24T00:10:02.378Z","category_id":null,"description":"fgfdd","is_featured":false,"compare_price":null,"discount_price":null,"specifications":{},"stock_quantity":10,"meta_description":null,"short_description":"gfgd","low_stock_threshold":10}', NULL, NULL, NULL, '2025-10-24T04:28:50.736Z');
INSERT INTO audit_logs (id, user_id, action, entity_type, entity_id, old_values, new_values, ip_address, user_agent, created_at) VALUES (88, 1, 'CREATE', 'PRODUCT', '15', NULL, '{"sku":"PROD-20251023-9862","name":"Tecnodespegue","slug":"tecnodespegue","price":7775,"isActive":true,"categoryId":null,"isFeatured":true,"description":" bdf bs ","stockQuantity":4,"shortDescription":"bfdhbf","lowStockThreshold":10}', NULL, NULL, '2025-10-24T04:29:32.779Z');
INSERT INTO audit_logs (id, user_id, action, entity_type, entity_id, old_values, new_values, ip_address, user_agent, created_at) VALUES (89, 1, 'CREATE', 'PRODUCT', '16', NULL, '{"sku":"PROD-20251023-6358","name":"FuturoDigital","slug":"futurodigital","price":1399,"isActive":true,"categoryId":null,"isFeatured":false,"description":"warp terminal","stockQuantity":1,"shortDescription":"warp","lowStockThreshold":10}', NULL, NULL, '2025-10-24T04:35:11.549Z');
INSERT INTO audit_logs (id, user_id, action, entity_type, entity_id, old_values, new_values, ip_address, user_agent, created_at) VALUES (90, 1, 'LOGIN', 'USER', '1', NULL, '{"email":"admin@aguamarina.com"}', '179.49.77.13', NULL, '2025-10-24T05:01:33.577Z');
INSERT INTO audit_logs (id, user_id, action, entity_type, entity_id, old_values, new_values, ip_address, user_agent, created_at) VALUES (91, 1, 'DELETE', 'PRODUCT', '16', '{"id":16,"sku":"PROD-20251023-6358","name":"FuturoDigital","slug":"futurodigital","tags":[],"color":null,"price":"1399.00","stock":0,"finish":null,"images":[],"weight":null,"featured":false,"keywords":null,"material":null,"image_url":null,"is_active":true,"cost_price":null,"created_at":"2025-10-24T01:35:11.538Z","dimensions":null,"meta_title":null,"updated_at":"2025-10-24T01:35:11.538Z","category_id":null,"description":"warp terminal","is_featured":false,"compare_price":null,"discount_price":null,"specifications":{},"stock_quantity":1,"meta_description":null,"short_description":"warp","low_stock_threshold":10}', NULL, NULL, NULL, '2025-10-24T05:01:44.091Z');
INSERT INTO audit_logs (id, user_id, action, entity_type, entity_id, old_values, new_values, ip_address, user_agent, created_at) VALUES (92, 1, 'DELETE', 'PRODUCT', '15', '{"id":15,"sku":"PROD-20251023-9862","name":"Tecnodespegue","slug":"tecnodespegue","tags":[],"color":null,"price":"7775.00","stock":0,"finish":null,"images":[],"weight":null,"featured":false,"keywords":null,"material":null,"image_url":null,"is_active":true,"cost_price":null,"created_at":"2025-10-24T01:29:32.768Z","dimensions":null,"meta_title":null,"updated_at":"2025-10-24T01:29:32.768Z","category_id":null,"description":" bdf bs ","is_featured":true,"compare_price":null,"discount_price":null,"specifications":{},"stock_quantity":4,"meta_description":null,"short_description":"bfdhbf","low_stock_threshold":10}', NULL, NULL, NULL, '2025-10-24T05:01:48.318Z');
INSERT INTO audit_logs (id, user_id, action, entity_type, entity_id, old_values, new_values, ip_address, user_agent, created_at) VALUES (93, 1, 'CREATE', 'PRODUCT', '17', NULL, '{"sku":"PROD-20251023-0471","name":"FuturoDigital","slug":"futurodigital","price":2333,"isActive":true,"categoryId":null,"isFeatured":false,"description":"bhbjhkvv","stockQuantity":5,"shortDescription":"ghgb","lowStockThreshold":10}', NULL, NULL, '2025-10-24T05:02:36.765Z');
INSERT INTO audit_logs (id, user_id, action, entity_type, entity_id, old_values, new_values, ip_address, user_agent, created_at) VALUES (94, 1, 'LOGIN', 'USER', '1', NULL, '{"email":"admin@aguamarina.com"}', '179.49.77.13', NULL, '2025-10-24T05:10:41.794Z');
INSERT INTO audit_logs (id, user_id, action, entity_type, entity_id, old_values, new_values, ip_address, user_agent, created_at) VALUES (95, 1, 'LOGIN', 'USER', '1', NULL, '{"email":"admin@aguamarina.com"}', '179.49.77.13', NULL, '2025-10-24T05:24:42.004Z');
INSERT INTO audit_logs (id, user_id, action, entity_type, entity_id, old_values, new_values, ip_address, user_agent, created_at) VALUES (96, 1, 'CREATE', 'PRODUCT', '18', NULL, '{"sku":"PROD-20251023-6639","name":"prueba-con-imagen","slug":"prueba-con-imagen","price":2999,"isActive":true,"categoryId":null,"isFeatured":false,"description":"fndsjnfnfnnsnnfjndsnfnsnbfbnsdfbbdfbbbchsvbfhvhs","stockQuantity":3,"shortDescription":"dfhhdfvhdvfvhdfvhd","lowStockThreshold":10}', NULL, NULL, '2025-10-24T05:25:33.293Z');
INSERT INTO audit_logs (id, user_id, action, entity_type, entity_id, old_values, new_values, ip_address, user_agent, created_at) VALUES (97, 1, 'LOGIN', 'USER', '1', NULL, '{"email":"admin@aguamarina.com"}', '179.49.77.13', NULL, '2025-10-24T05:40:32.128Z');
INSERT INTO audit_logs (id, user_id, action, entity_type, entity_id, old_values, new_values, ip_address, user_agent, created_at) VALUES (98, 1, 'DELETE', 'PRODUCT', '18', '{"id":18,"sku":"PROD-20251023-6639","name":"prueba-con-imagen","slug":"prueba-con-imagen","tags":[],"color":null,"price":"2999.00","stock":0,"finish":null,"images":[],"weight":null,"featured":false,"keywords":null,"material":null,"image_url":null,"is_active":true,"cost_price":null,"created_at":"2025-10-24T02:25:33.283Z","dimensions":null,"meta_title":null,"updated_at":"2025-10-24T02:25:33.283Z","category_id":null,"description":"fndsjnfnfnnsnnfjndsnfnsnbfbnsdfbbdfbbbchsvbfhvhs","is_featured":false,"compare_price":null,"discount_price":null,"specifications":{},"stock_quantity":3,"meta_description":null,"short_description":"dfhhdfvhdvfvhdfvhd","low_stock_threshold":10}', NULL, NULL, NULL, '2025-10-24T05:41:07.912Z');
INSERT INTO audit_logs (id, user_id, action, entity_type, entity_id, old_values, new_values, ip_address, user_agent, created_at) VALUES (99, 1, 'DELETE', 'PRODUCT', '17', '{"id":17,"sku":"PROD-20251023-0471","name":"FuturoDigital","slug":"futurodigital","tags":[],"color":null,"price":"2333.00","stock":0,"finish":null,"images":[],"weight":null,"featured":false,"keywords":null,"material":null,"image_url":null,"is_active":true,"cost_price":null,"created_at":"2025-10-24T02:02:36.746Z","dimensions":null,"meta_title":null,"updated_at":"2025-10-24T02:02:36.746Z","category_id":null,"description":"bhbjhkvv","is_featured":false,"compare_price":null,"discount_price":null,"specifications":{},"stock_quantity":5,"meta_description":null,"short_description":"ghgb","low_stock_threshold":10}', NULL, NULL, NULL, '2025-10-24T05:41:11.558Z');
INSERT INTO audit_logs (id, user_id, action, entity_type, entity_id, old_values, new_values, ip_address, user_agent, created_at) VALUES (100, 1, 'LOGIN', 'USER', '1', NULL, '{"email":"admin@aguamarina.com"}', '179.49.77.13', NULL, '2025-10-24T05:50:39.020Z');
INSERT INTO audit_logs (id, user_id, action, entity_type, entity_id, old_values, new_values, ip_address, user_agent, created_at) VALUES (101, 1, 'CREATE', 'PRODUCT', '19', NULL, '{"sku":"PROD-20251023-3081","name":"HIERRO FUNDIDO","slug":"hierro-fundido","price":1500,"isActive":true,"categoryId":null,"isFeatured":true,"description":"FUNDIDO","stockQuantity":5,"shortDescription":"HIERRO","lowStockThreshold":10}', NULL, NULL, '2025-10-24T05:52:02.068Z');
INSERT INTO audit_logs (id, user_id, action, entity_type, entity_id, old_values, new_values, ip_address, user_agent, created_at) VALUES (102, 9, 'LOGIN', 'USER', '9', NULL, '{"email":"djkuhm@gmail.com"}', '179.49.77.13', NULL, '2025-10-25T16:26:08.054Z');
INSERT INTO audit_logs (id, user_id, action, entity_type, entity_id, old_values, new_values, ip_address, user_agent, created_at) VALUES (103, 9, 'LOGIN', 'USER', '9', NULL, '{"email":"djkuhm@gmail.com"}', '179.49.77.13', NULL, '2025-10-25T16:29:00.953Z');
INSERT INTO audit_logs (id, user_id, action, entity_type, entity_id, old_values, new_values, ip_address, user_agent, created_at) VALUES (104, 9, 'LOGIN', 'USER', '9', NULL, '{"email":"djkuhm@gmail.com"}', '179.49.77.13', NULL, '2025-10-25T16:49:57.567Z');
INSERT INTO audit_logs (id, user_id, action, entity_type, entity_id, old_values, new_values, ip_address, user_agent, created_at) VALUES (105, 9, 'LOGIN', 'USER', '9', NULL, '{"email":"djkuhm@gmail.com"}', '179.49.77.13', NULL, '2025-10-25T17:44:03.448Z');
INSERT INTO audit_logs (id, user_id, action, entity_type, entity_id, old_values, new_values, ip_address, user_agent, created_at) VALUES (106, 9, 'LOGIN', 'USER', '9', NULL, '{"email":"djkuhm@gmail.com"}', '179.49.77.13', NULL, '2025-10-25T17:50:02.513Z');
INSERT INTO audit_logs (id, user_id, action, entity_type, entity_id, old_values, new_values, ip_address, user_agent, created_at) VALUES (107, 9, 'LOGIN', 'USER', '9', NULL, '{"email":"djkuhm@gmail.com"}', '179.49.77.13', NULL, '2025-10-25T17:56:59.909Z');
INSERT INTO audit_logs (id, user_id, action, entity_type, entity_id, old_values, new_values, ip_address, user_agent, created_at) VALUES (108, 9, 'LOGIN', 'USER', '9', NULL, '{"email":"djkuhm@gmail.com"}', '179.49.77.13', NULL, '2025-10-25T18:07:27.186Z');
INSERT INTO audit_logs (id, user_id, action, entity_type, entity_id, old_values, new_values, ip_address, user_agent, created_at) VALUES (109, 9, 'LOGIN', 'USER', '9', NULL, '{"email":"djkuhm@gmail.com"}', '179.49.77.13', NULL, '2025-10-25T19:27:08.690Z');
INSERT INTO audit_logs (id, user_id, action, entity_type, entity_id, old_values, new_values, ip_address, user_agent, created_at) VALUES (110, 9, 'LOGIN', 'USER', '9', NULL, '{"email":"djkuhm@gmail.com"}', '179.49.77.13', NULL, '2025-10-25T22:40:49.755Z');
INSERT INTO audit_logs (id, user_id, action, entity_type, entity_id, old_values, new_values, ip_address, user_agent, created_at) VALUES (111, 9, 'LOGIN', 'USER', '9', NULL, '{"email":"djkuhm@gmail.com"}', '179.49.77.13', NULL, '2025-10-25T22:41:06.748Z');
INSERT INTO audit_logs (id, user_id, action, entity_type, entity_id, old_values, new_values, ip_address, user_agent, created_at) VALUES (112, 9, 'LOGIN', 'USER', '9', NULL, '{"email":"djkuhm@gmail.com"}', '179.49.77.13', NULL, '2025-10-25T22:49:41.510Z');
INSERT INTO audit_logs (id, user_id, action, entity_type, entity_id, old_values, new_values, ip_address, user_agent, created_at) VALUES (113, 9, 'LOGIN', 'USER', '9', NULL, '{"email":"djkuhm@gmail.com"}', '179.49.77.13', NULL, '2025-10-25T23:04:57.077Z');
INSERT INTO audit_logs (id, user_id, action, entity_type, entity_id, old_values, new_values, ip_address, user_agent, created_at) VALUES (114, 9, 'LOGIN', 'USER', '9', NULL, '{"email":"djkuhm@gmail.com"}', '179.49.77.13', NULL, '2025-10-25T23:25:01.870Z');
INSERT INTO audit_logs (id, user_id, action, entity_type, entity_id, old_values, new_values, ip_address, user_agent, created_at) VALUES (115, 9, 'LOGIN', 'USER', '9', NULL, '{"email":"djkuhm@gmail.com"}', '179.49.77.13', NULL, '2025-10-25T23:32:10.055Z');
INSERT INTO audit_logs (id, user_id, action, entity_type, entity_id, old_values, new_values, ip_address, user_agent, created_at) VALUES (116, 9, 'LOGIN', 'USER', '9', NULL, '{"email":"djkuhm@gmail.com"}', '179.49.77.13', NULL, '2025-10-25T23:45:10.606Z');
INSERT INTO audit_logs (id, user_id, action, entity_type, entity_id, old_values, new_values, ip_address, user_agent, created_at) VALUES (117, 9, 'LOGIN', 'USER', '9', NULL, '{"email":"djkuhm@gmail.com"}', '179.49.77.13', NULL, '2025-10-25T23:59:43.075Z');
INSERT INTO audit_logs (id, user_id, action, entity_type, entity_id, old_values, new_values, ip_address, user_agent, created_at) VALUES (118, 9, 'LOGIN', 'USER', '9', NULL, '{"email":"djkuhm@gmail.com"}', '179.49.77.13', NULL, '2025-10-26T00:06:15.247Z');
INSERT INTO audit_logs (id, user_id, action, entity_type, entity_id, old_values, new_values, ip_address, user_agent, created_at) VALUES (119, 9, 'LOGIN', 'USER', '9', NULL, '{"email":"djkuhm@gmail.com"}', '179.49.77.13', NULL, '2025-10-26T00:13:23.117Z');
INSERT INTO audit_logs (id, user_id, action, entity_type, entity_id, old_values, new_values, ip_address, user_agent, created_at) VALUES (120, 9, 'LOGIN', 'USER', '9', NULL, '{"email":"djkuhm@gmail.com"}', '179.49.77.13', NULL, '2025-10-26T00:22:23.997Z');
INSERT INTO audit_logs (id, user_id, action, entity_type, entity_id, old_values, new_values, ip_address, user_agent, created_at) VALUES (121, 9, 'LOGIN', 'USER', '9', NULL, '{"email":"djkuhm@gmail.com"}', '179.49.77.13', NULL, '2025-10-26T01:06:30.966Z');
INSERT INTO audit_logs (id, user_id, action, entity_type, entity_id, old_values, new_values, ip_address, user_agent, created_at) VALUES (122, 1, 'LOGIN', 'USER', '1', NULL, '{"email":"admin@aguamarina.com"}', '179.49.77.13', NULL, '2025-10-26T01:23:20.854Z');
INSERT INTO audit_logs (id, user_id, action, entity_type, entity_id, old_values, new_values, ip_address, user_agent, created_at) VALUES (123, 1, 'LOGIN', 'USER', '1', NULL, '{"email":"admin@aguamarina.com"}', '179.49.77.13', NULL, '2025-10-26T01:23:38.225Z');
INSERT INTO audit_logs (id, user_id, action, entity_type, entity_id, old_values, new_values, ip_address, user_agent, created_at) VALUES (124, 1, 'LOGIN', 'USER', '1', NULL, '{"email":"admin@aguamarina.com"}', '179.49.77.13', NULL, '2025-10-26T01:41:03.850Z');
INSERT INTO audit_logs (id, user_id, action, entity_type, entity_id, old_values, new_values, ip_address, user_agent, created_at) VALUES (125, 9, 'LOGIN', 'USER', '9', NULL, '{"email":"djkuhm@gmail.com"}', '179.49.77.13', NULL, '2025-10-26T01:42:51.749Z');
INSERT INTO audit_logs (id, user_id, action, entity_type, entity_id, old_values, new_values, ip_address, user_agent, created_at) VALUES (126, 1, 'LOGIN', 'USER', '1', NULL, '{"email":"admin@aguamarina.com"}', '179.49.77.13', NULL, '2025-10-26T02:50:13.149Z');
INSERT INTO audit_logs (id, user_id, action, entity_type, entity_id, old_values, new_values, ip_address, user_agent, created_at) VALUES (127, 1, 'LOGIN', 'USER', '1', NULL, '{"email":"admin@aguamarina.com"}', '179.49.77.13', NULL, '2025-10-26T04:03:45.437Z');
INSERT INTO audit_logs (id, user_id, action, entity_type, entity_id, old_values, new_values, ip_address, user_agent, created_at) VALUES (128, 9, 'LOGIN', 'USER', '9', NULL, '{"email":"djkuhm@gmail.com"}', '179.49.77.13', NULL, '2025-10-26T04:04:11.519Z');
INSERT INTO audit_logs (id, user_id, action, entity_type, entity_id, old_values, new_values, ip_address, user_agent, created_at) VALUES (129, 1, 'LOGIN', 'USER', '1', NULL, '{"email":"admin@aguamarina.com"}', '179.49.77.13', NULL, '2025-10-28T02:10:53.085Z');
INSERT INTO audit_logs (id, user_id, action, entity_type, entity_id, old_values, new_values, ip_address, user_agent, created_at) VALUES (130, 1, 'LOGIN', 'USER', '1', NULL, '{"email":"admin@aguamarina.com"}', '179.49.77.13', NULL, '2025-10-28T03:23:03.128Z');
INSERT INTO audit_logs (id, user_id, action, entity_type, entity_id, old_values, new_values, ip_address, user_agent, created_at) VALUES (131, 1, 'LOGIN', 'USER', '1', NULL, '{"email":"admin@aguamarina.com"}', '179.49.77.13', NULL, '2025-10-28T03:27:21.913Z');
INSERT INTO audit_logs (id, user_id, action, entity_type, entity_id, old_values, new_values, ip_address, user_agent, created_at) VALUES (132, 1, 'LOGIN', 'USER', '1', NULL, '{"email":"admin@aguamarina.com"}', '179.49.75.75', NULL, '2025-10-28T03:32:07.626Z');
INSERT INTO audit_logs (id, user_id, action, entity_type, entity_id, old_values, new_values, ip_address, user_agent, created_at) VALUES (133, 1, 'LOGIN', 'USER', '1', NULL, '{"email":"admin@aguamarina.com"}', '179.49.77.13', NULL, '2025-10-28T19:02:28.536Z');
INSERT INTO audit_logs (id, user_id, action, entity_type, entity_id, old_values, new_values, ip_address, user_agent, created_at) VALUES (134, 1, 'DELETE', 'PRODUCT', '19', '{"id":19,"sku":"PROD-20251023-3081","name":"HIERRO FUNDIDO","slug":"hierro-fundido","tags":[],"color":null,"price":"1500.00","stock":0,"finish":null,"images":[],"weight":null,"featured":false,"keywords":null,"material":null,"image_url":null,"is_active":true,"cost_price":null,"created_at":"2025-10-24T02:52:02.050Z","dimensions":null,"meta_title":null,"updated_at":"2025-10-24T02:52:02.050Z","category_id":null,"description":"FUNDIDO","is_featured":true,"compare_price":null,"discount_price":null,"specifications":{},"stock_quantity":5,"meta_description":null,"short_description":"HIERRO","low_stock_threshold":10}', NULL, NULL, NULL, '2025-10-28T19:02:38.817Z');
INSERT INTO audit_logs (id, user_id, action, entity_type, entity_id, old_values, new_values, ip_address, user_agent, created_at) VALUES (135, 1, 'DELETE', 'CATEGORY', '1', '{"id":1,"name":"Hierro","slug":"hierro","image":null,"is_active":true,"parent_id":null,"created_at":"2025-10-23T23:44:42.999Z","meta_title":null,"updated_at":"2025-10-23T23:44:42.999Z","description":null,"display_order":0,"meta_description":null}', NULL, NULL, NULL, '2025-10-28T19:02:44.288Z');
INSERT INTO audit_logs (id, user_id, action, entity_type, entity_id, old_values, new_values, ip_address, user_agent, created_at) VALUES (136, 1, 'LOGIN', 'USER', '1', NULL, '{"email":"admin@aguamarina.com"}', '179.49.77.13', NULL, '2025-11-02T16:53:45.993Z');
INSERT INTO audit_logs (id, user_id, action, entity_type, entity_id, old_values, new_values, ip_address, user_agent, created_at) VALUES (137, 1, 'CREATE', 'CATEGORY', '2', NULL, '{"name":"prueba","slug":"prueba","imageUrl":null,"isActive":true,"parentId":null,"displayOrder":0}', NULL, NULL, '2025-11-02T16:56:12.937Z');
INSERT INTO audit_logs (id, user_id, action, entity_type, entity_id, old_values, new_values, ip_address, user_agent, created_at) VALUES (138, 1, 'CREATE', 'PRODUCT', '23', NULL, '{"sku":"PROD-20251102-9700","name":"prueba1","slug":"prueba1","price":1500,"isActive":true,"categoryId":null,"isFeatured":false,"description":"fdsfsfsd","stockQuantity":5,"shortDescription":"hdbfhd","lowStockThreshold":10}', NULL, NULL, '2025-11-02T16:57:03.284Z');
INSERT INTO audit_logs (id, user_id, action, entity_type, entity_id, old_values, new_values, ip_address, user_agent, created_at) VALUES (139, 1, 'DELETE', 'PRODUCT', '23', '{"id":23,"sku":"PROD-20251102-9700","name":"prueba1","slug":"prueba1","tags":[],"color":null,"price":"1500.00","stock":0,"finish":null,"images":[],"weight":null,"featured":false,"keywords":null,"material":null,"image_url":null,"is_active":true,"cost_price":null,"created_at":"2025-11-02T13:57:03.266Z","dimensions":null,"meta_title":null,"updated_at":"2025-11-02T13:57:03.266Z","category_id":null,"description":"fdsfsfsd","is_featured":false,"compare_price":null,"discount_price":null,"specifications":{},"stock_quantity":5,"meta_description":null,"short_description":"hdbfhd","low_stock_threshold":10}', NULL, NULL, NULL, '2025-11-02T16:59:13.406Z');
INSERT INTO audit_logs (id, user_id, action, entity_type, entity_id, old_values, new_values, ip_address, user_agent, created_at) VALUES (140, 1, 'CREATE', 'PRODUCT', '24', NULL, '{"sku":"PROD-20251102-4940","name":"prueva1","slug":"prueva1","price":1500,"isActive":true,"categoryId":null,"isFeatured":false,"description":"hgsdahdg","stockQuantity":5,"shortDescription":"desshh","lowStockThreshold":10}', NULL, NULL, '2025-11-02T17:00:25.426Z');
INSERT INTO audit_logs (id, user_id, action, entity_type, entity_id, old_values, new_values, ip_address, user_agent, created_at) VALUES (141, 1, 'DELETE', 'PRODUCT', '24', '{"id":24,"sku":"PROD-20251102-4940","name":"prueva1","slug":"prueva1","tags":[],"color":null,"price":"1500.00","stock":0,"finish":null,"images":[],"weight":null,"featured":false,"keywords":null,"material":null,"image_url":null,"is_active":true,"cost_price":null,"created_at":"2025-11-02T14:00:25.417Z","dimensions":null,"meta_title":null,"updated_at":"2025-11-02T14:00:25.417Z","category_id":null,"description":"hgsdahdg","is_featured":false,"compare_price":null,"discount_price":null,"specifications":{},"stock_quantity":5,"meta_description":null,"short_description":"desshh","low_stock_threshold":10}', NULL, NULL, NULL, '2025-11-02T17:26:03.951Z');
INSERT INTO audit_logs (id, user_id, action, entity_type, entity_id, old_values, new_values, ip_address, user_agent, created_at) VALUES (142, 1, 'DELETE', 'CATEGORY', '2', '{"id":2,"name":"prueba","slug":"prueba","image":null,"is_active":true,"parent_id":null,"created_at":"2025-11-02T13:56:12.922Z","meta_title":null,"updated_at":"2025-11-02T13:56:12.922Z","description":null,"display_order":0,"meta_description":null}', NULL, NULL, NULL, '2025-11-02T17:26:11.297Z');

-- Data for table: newsletter_subscribers
INSERT INTO newsletter_subscribers (id, email, name, status, subscribed_at, unsubscribed_at, verification_token, verified, verified_at, created_at, updated_at) VALUES ('e282544f-b3e6-4eda-a9de-96a2de2e4812', 'djkuhm@gmail.com', NULL, 'active', '2025-10-25T23:23:10.050Z', NULL, 'b8e4fc06c8e8cbc2572ffcbbc8a2d5fc85e0d634cf35d528902b41e0d45e3472', false, NULL, '2025-10-25T23:23:10.050Z', '2025-10-25T23:23:10.050Z');

-- Data for table: order_items
INSERT INTO order_items (id, order_id, product_id, product_name, product_price, quantity, subtotal, created_at, price) VALUES (2, 5, NULL, 'HIERRO FUNDIDO', '1500.00', 2, '10000.00', '2025-10-25T17:53:56.339Z', '5000.00');
INSERT INTO order_items (id, order_id, product_id, product_name, product_price, quantity, subtotal, created_at, price) VALUES (3, 6, NULL, 'HIERRO FUNDIDO', '1500.00', 1, '1500.00', '2025-10-25T17:57:36.963Z', '1500.00');
INSERT INTO order_items (id, order_id, product_id, product_name, product_price, quantity, subtotal, created_at, price) VALUES (4, 7, NULL, 'HIERRO FUNDIDO', '1500.00', 1, '1500.00', '2025-10-25T17:57:44.284Z', '1500.00');
INSERT INTO order_items (id, order_id, product_id, product_name, product_price, quantity, subtotal, created_at, price) VALUES (5, 8, NULL, 'HIERRO FUNDIDO', '1500.00', 1, '1500.00', '2025-10-25T18:07:46.032Z', '1500.00');
INSERT INTO order_items (id, order_id, product_id, product_name, product_price, quantity, subtotal, created_at, price) VALUES (6, 9, NULL, 'HIERRO FUNDIDO', '1500.00', 1, '1500.00', '2025-10-25T18:07:56.495Z', '1500.00');
INSERT INTO order_items (id, order_id, product_id, product_name, product_price, quantity, subtotal, created_at, price) VALUES (7, 10, NULL, 'HIERRO FUNDIDO', '1500.00', 1, '1500.00', '2025-10-25T18:17:05.690Z', '1500.00');
INSERT INTO order_items (id, order_id, product_id, product_name, product_price, quantity, subtotal, created_at, price) VALUES (8, 11, NULL, 'HIERRO FUNDIDO', '1500.00', 1, '1500.00', '2025-10-25T18:17:12.975Z', '1500.00');
INSERT INTO order_items (id, order_id, product_id, product_name, product_price, quantity, subtotal, created_at, price) VALUES (9, 12, NULL, 'HIERRO FUNDIDO', '1500.00', 1, '1500.00', '2025-10-25T18:24:35.692Z', '1500.00');
INSERT INTO order_items (id, order_id, product_id, product_name, product_price, quantity, subtotal, created_at, price) VALUES (10, 13, NULL, 'HIERRO FUNDIDO', '1500.00', 1, '1500.00', '2025-10-25T18:24:49.214Z', '1500.00');
INSERT INTO order_items (id, order_id, product_id, product_name, product_price, quantity, subtotal, created_at, price) VALUES (11, 14, NULL, 'HIERRO FUNDIDO', '1500.00', 1, '1500.00', '2025-10-25T18:31:35.191Z', '1500.00');
INSERT INTO order_items (id, order_id, product_id, product_name, product_price, quantity, subtotal, created_at, price) VALUES (12, 15, NULL, 'HIERRO FUNDIDO', '1500.00', 1, '1500.00', '2025-10-25T18:31:53.533Z', '1500.00');
INSERT INTO order_items (id, order_id, product_id, product_name, product_price, quantity, subtotal, created_at, price) VALUES (13, 16, NULL, 'HIERRO FUNDIDO', '1500.00', 1, '1500.00', '2025-10-25T18:32:09.895Z', '1500.00');
INSERT INTO order_items (id, order_id, product_id, product_name, product_price, quantity, subtotal, created_at, price) VALUES (14, 17, NULL, 'HIERRO FUNDIDO', '1500.00', 1, '1500.00', '2025-10-25T18:37:23.450Z', '1500.00');
INSERT INTO order_items (id, order_id, product_id, product_name, product_price, quantity, subtotal, created_at, price) VALUES (15, 18, NULL, 'HIERRO FUNDIDO', '1500.00', 1, '1500.00', '2025-10-25T18:37:33.125Z', '1500.00');
INSERT INTO order_items (id, order_id, product_id, product_name, product_price, quantity, subtotal, created_at, price) VALUES (16, 19, NULL, 'HIERRO FUNDIDO', '1500.00', 1, '1500.00', '2025-10-25T19:08:45.060Z', '1500.00');
INSERT INTO order_items (id, order_id, product_id, product_name, product_price, quantity, subtotal, created_at, price) VALUES (17, 20, NULL, 'HIERRO FUNDIDO', '1500.00', 1, '1500.00', '2025-10-25T19:08:56.257Z', '1500.00');
INSERT INTO order_items (id, order_id, product_id, product_name, product_price, quantity, subtotal, created_at, price) VALUES (18, 21, NULL, 'HIERRO FUNDIDO', '1500.00', 1, '1500.00', '2025-10-25T19:14:45.334Z', '1500.00');
INSERT INTO order_items (id, order_id, product_id, product_name, product_price, quantity, subtotal, created_at, price) VALUES (19, 22, NULL, 'HIERRO FUNDIDO', '1500.00', 1, '1500.00', '2025-10-25T19:14:53.753Z', '1500.00');
INSERT INTO order_items (id, order_id, product_id, product_name, product_price, quantity, subtotal, created_at, price) VALUES (20, 23, NULL, 'HIERRO FUNDIDO', '1500.00', 1, '1500.00', '2025-10-25T19:20:36.992Z', '1500.00');
INSERT INTO order_items (id, order_id, product_id, product_name, product_price, quantity, subtotal, created_at, price) VALUES (21, 24, NULL, 'HIERRO FUNDIDO', '1500.00', 1, '1500.00', '2025-10-25T19:25:45.198Z', '1500.00');
INSERT INTO order_items (id, order_id, product_id, product_name, product_price, quantity, subtotal, created_at, price) VALUES (22, 25, NULL, 'HIERRO FUNDIDO', '1500.00', 1, '1500.00', '2025-10-25T19:26:24.996Z', '1500.00');
INSERT INTO order_items (id, order_id, product_id, product_name, product_price, quantity, subtotal, created_at, price) VALUES (23, 26, NULL, 'HIERRO FUNDIDO', '1500.00', 1, '1500.00', '2025-10-28T03:39:53.067Z', '1500.00');
INSERT INTO order_items (id, order_id, product_id, product_name, product_price, quantity, subtotal, created_at, price) VALUES (24, 27, NULL, 'prueba1', '1500.00', 1, '1500.00', '2025-11-02T16:57:41.747Z', '1500.00');

-- Data for table: orders
INSERT INTO orders (id, user_id, status, total, shipping_address, payment_method, notes, created_at, updated_at, mercadopago_payment_id, order_number, customer_name, customer_email, customer_phone, total_amount, payment_status, shipped_at, delivered_at) VALUES (5, NULL, 'pending', '10000.00', '{"city":"Buenos Aires","state":"CABA","street":"Calle Falsa 123","country":"Argentina","zipCode":"1234"}', 'credit_card', 'Test order', '2025-10-25T17:53:56.339Z', '2025-10-25T17:53:56.339Z', NULL, 'ORD-TEST-1761404036707', 'Juan Pérez', 'juan@test.com', '1234567890', '10000.00', 'pending', NULL, NULL);
INSERT INTO orders (id, user_id, status, total, shipping_address, payment_method, notes, created_at, updated_at, mercadopago_payment_id, order_number, customer_name, customer_email, customer_phone, total_amount, payment_status, shipped_at, delivered_at) VALUES (6, NULL, 'pending', '1500.00', '{"city":"Eduardo Castex","state":"La Pampa","street":"estrada 1310","country":"Argentina","zipCode":"6310"}', 'credit_card', NULL, '2025-10-25T17:57:36.963Z', '2025-10-25T17:57:36.963Z', NULL, 'ORD-1761404256921-K6HQVZTJH', 'kuhm rene osvaldo', 'djkuhm@gmail.com', '+542334409838', '1500.00', 'pending', NULL, NULL);
INSERT INTO orders (id, user_id, status, total, shipping_address, payment_method, notes, created_at, updated_at, mercadopago_payment_id, order_number, customer_name, customer_email, customer_phone, total_amount, payment_status, shipped_at, delivered_at) VALUES (7, NULL, 'pending', '1500.00', '{"city":"Eduardo Castex","state":"La Pampa","street":"estrada 1310","country":"Argentina","zipCode":"6310"}', 'credit_card', NULL, '2025-10-25T17:57:44.284Z', '2025-10-25T17:57:44.284Z', NULL, 'ORD-1761404264286-DMCC1WBB0', 'kuhm rene osvaldo', 'djkuhm@gmail.com', '+542334409838', '1500.00', 'pending', NULL, NULL);
INSERT INTO orders (id, user_id, status, total, shipping_address, payment_method, notes, created_at, updated_at, mercadopago_payment_id, order_number, customer_name, customer_email, customer_phone, total_amount, payment_status, shipped_at, delivered_at) VALUES (8, NULL, 'pending', '1500.00', '{"city":"Eduardo Castex","state":"La Pampa","street":"estrada 1310","country":"Argentina","zipCode":"6310"}', 'credit_card', NULL, '2025-10-25T18:07:46.032Z', '2025-10-25T18:07:46.032Z', NULL, 'ORD-1761404866034-8J8VY2ZJ2', 'kuhm rene osvaldo', 'djkuhm@gmail.com', '+542334409838', '1500.00', 'pending', NULL, NULL);
INSERT INTO orders (id, user_id, status, total, shipping_address, payment_method, notes, created_at, updated_at, mercadopago_payment_id, order_number, customer_name, customer_email, customer_phone, total_amount, payment_status, shipped_at, delivered_at) VALUES (9, NULL, 'pending', '1500.00', '{"city":"Eduardo Castex","state":"La Pampa","street":"estrada 1310","country":"Argentina","zipCode":"6310"}', 'credit_card', NULL, '2025-10-25T18:07:56.495Z', '2025-10-25T18:07:56.495Z', NULL, 'ORD-1761404876497-DOOFAPMGW', 'kuhm rene osvaldo', 'djkuhm@gmail.com', '+542334409838', '1500.00', 'pending', NULL, NULL);
INSERT INTO orders (id, user_id, status, total, shipping_address, payment_method, notes, created_at, updated_at, mercadopago_payment_id, order_number, customer_name, customer_email, customer_phone, total_amount, payment_status, shipped_at, delivered_at) VALUES (10, NULL, 'pending', '1500.00', '{"city":"Eduardo Castex","state":"La Pampa","street":"estrada 1310","country":"Argentina","zipCode":"6310"}', 'credit_card', NULL, '2025-10-25T18:17:05.690Z', '2025-10-25T18:17:05.690Z', NULL, 'ORD-1761405425694-JJSNODLPG', 'kuhm rene osvaldo', 'djkuhm@gmail.com', '+542334409838', '1500.00', 'pending', NULL, NULL);
INSERT INTO orders (id, user_id, status, total, shipping_address, payment_method, notes, created_at, updated_at, mercadopago_payment_id, order_number, customer_name, customer_email, customer_phone, total_amount, payment_status, shipped_at, delivered_at) VALUES (11, NULL, 'pending', '1500.00', '{"city":"Eduardo Castex","state":"La Pampa","street":"estrada 1310","country":"Argentina","zipCode":"6310"}', 'credit_card', NULL, '2025-10-25T18:17:12.975Z', '2025-10-25T18:17:12.975Z', NULL, 'ORD-1761405432980-JZAPVRVM0', 'kuhm rene osvaldo', 'djkuhm@gmail.com', '+542334409838', '1500.00', 'pending', NULL, NULL);
INSERT INTO orders (id, user_id, status, total, shipping_address, payment_method, notes, created_at, updated_at, mercadopago_payment_id, order_number, customer_name, customer_email, customer_phone, total_amount, payment_status, shipped_at, delivered_at) VALUES (12, NULL, 'pending', '1500.00', '{"city":"Eduardo Castex","state":"La Pampa","street":"estrada 1310","country":"Argentina","zipCode":"6310"}', 'credit_card', NULL, '2025-10-25T18:24:35.692Z', '2025-10-25T18:24:35.692Z', NULL, 'ORD-1761405875697-55MZQT8LO', 'kuhm rene osvaldo', 'djkuhm@gmail.com', '+542334409838', '1500.00', 'pending', NULL, NULL);
INSERT INTO orders (id, user_id, status, total, shipping_address, payment_method, notes, created_at, updated_at, mercadopago_payment_id, order_number, customer_name, customer_email, customer_phone, total_amount, payment_status, shipped_at, delivered_at) VALUES (13, NULL, 'pending', '1500.00', '{"city":"Eduardo Castex","state":"La Pampa","street":"estrada 1310","country":"Argentina","zipCode":"6310"}', 'credit_card', NULL, '2025-10-25T18:24:49.214Z', '2025-10-25T18:24:49.214Z', NULL, 'ORD-1761405889218-WZHOBU83X', 'kuhm rene osvaldo', 'djkuhm@gmail.com', '+542334409838', '1500.00', 'pending', NULL, NULL);
INSERT INTO orders (id, user_id, status, total, shipping_address, payment_method, notes, created_at, updated_at, mercadopago_payment_id, order_number, customer_name, customer_email, customer_phone, total_amount, payment_status, shipped_at, delivered_at) VALUES (14, NULL, 'pending', '1500.00', '{"city":"Eduardo Castex","state":"La Pampa","street":"estrada 1310","country":"Argentina","zipCode":"6310"}', 'credit_card', NULL, '2025-10-25T18:31:35.191Z', '2025-10-25T18:31:35.191Z', NULL, 'ORD-1761406295152-SG8FR7OI5', 'kuhm rene osvaldo', 'djkuhm@gmail.com', '+542334409838', '1500.00', 'pending', NULL, NULL);
INSERT INTO orders (id, user_id, status, total, shipping_address, payment_method, notes, created_at, updated_at, mercadopago_payment_id, order_number, customer_name, customer_email, customer_phone, total_amount, payment_status, shipped_at, delivered_at) VALUES (15, NULL, 'pending', '1500.00', '{"city":"Eduardo Castex","state":"La Pampa","street":"estrada 1310","country":"Argentina","zipCode":"6310"}', 'credit_card', NULL, '2025-10-25T18:31:53.533Z', '2025-10-25T18:31:53.533Z', NULL, 'ORD-1761406313543-0HV7JL8FK', 'kuhm rene osvaldo', 'djkuhm@gmail.com', '+542334409838', '1500.00', 'pending', NULL, NULL);
INSERT INTO orders (id, user_id, status, total, shipping_address, payment_method, notes, created_at, updated_at, mercadopago_payment_id, order_number, customer_name, customer_email, customer_phone, total_amount, payment_status, shipped_at, delivered_at) VALUES (16, NULL, 'pending', '1500.00', '{"city":"Eduardo Castex","state":"La Pampa","street":"estrada 1310","country":"Argentina","zipCode":"6310"}', 'credit_card', NULL, '2025-10-25T18:32:09.895Z', '2025-10-25T18:32:09.895Z', NULL, 'ORD-1761406329905-MXS1Y577V', 'kuhm rene osvaldo', 'djkuhm@gmail.com', '+542334409838', '1500.00', 'pending', NULL, NULL);
INSERT INTO orders (id, user_id, status, total, shipping_address, payment_method, notes, created_at, updated_at, mercadopago_payment_id, order_number, customer_name, customer_email, customer_phone, total_amount, payment_status, shipped_at, delivered_at) VALUES (17, NULL, 'pending', '1500.00', '{"city":"Eduardo Castex","state":"La Pampa","street":"estrada 1310","country":"Argentina","zipCode":"6310"}', 'credit_card', NULL, '2025-10-25T18:37:23.450Z', '2025-10-25T18:37:23.450Z', NULL, 'ORD-1761406643434-4YOWKRUCY', 'kuhm rene osvaldo', 'djkuhm@gmail.com', '+542334409838', '1500.00', 'pending', NULL, NULL);
INSERT INTO orders (id, user_id, status, total, shipping_address, payment_method, notes, created_at, updated_at, mercadopago_payment_id, order_number, customer_name, customer_email, customer_phone, total_amount, payment_status, shipped_at, delivered_at) VALUES (18, NULL, 'pending', '1500.00', '{"city":"Eduardo Castex","state":"La Pampa","street":"estrada 1310","country":"Argentina","zipCode":"6310"}', 'credit_card', NULL, '2025-10-25T18:37:33.125Z', '2025-10-25T18:37:33.125Z', NULL, 'ORD-1761406653143-MAZDE41OW', 'kuhm rene osvaldo', 'djkuhm@gmail.com', '+542334409838', '1500.00', 'pending', NULL, NULL);
INSERT INTO orders (id, user_id, status, total, shipping_address, payment_method, notes, created_at, updated_at, mercadopago_payment_id, order_number, customer_name, customer_email, customer_phone, total_amount, payment_status, shipped_at, delivered_at) VALUES (19, NULL, 'pending', '1500.00', '{"city":"Eduardo Castex","state":"La Pampa","street":"estrada 1310","country":"Argentina","zipCode":"6310"}', 'credit_card', NULL, '2025-10-25T19:08:45.060Z', '2025-10-25T19:08:45.060Z', NULL, 'ORD-1761408525072-9AAAD9VA2', 'kuhm rene osvaldo', 'djkuhm@gmail.com', '+542334409838', '1500.00', 'pending', NULL, NULL);
INSERT INTO orders (id, user_id, status, total, shipping_address, payment_method, notes, created_at, updated_at, mercadopago_payment_id, order_number, customer_name, customer_email, customer_phone, total_amount, payment_status, shipped_at, delivered_at) VALUES (20, NULL, 'pending', '1500.00', '{"city":"Eduardo Castex","state":"La Pampa","street":"estrada 1310","country":"Argentina","zipCode":"6310"}', 'credit_card', NULL, '2025-10-25T19:08:56.257Z', '2025-10-25T19:08:56.257Z', NULL, 'ORD-1761408536269-G1YFOQ1KG', 'kuhm rene osvaldo', 'djkuhm@gmail.com', '+542334409838', '1500.00', 'pending', NULL, NULL);
INSERT INTO orders (id, user_id, status, total, shipping_address, payment_method, notes, created_at, updated_at, mercadopago_payment_id, order_number, customer_name, customer_email, customer_phone, total_amount, payment_status, shipped_at, delivered_at) VALUES (21, NULL, 'pending', '1500.00', '{"city":"Eduardo Castex","state":"La Pampa","street":"estrada 1310","country":"Argentina","zipCode":"6310"}', 'credit_card', NULL, '2025-10-25T19:14:45.334Z', '2025-10-25T19:14:45.334Z', NULL, 'ORD-1761408885350-1X0HK486Z', 'kuhm rene osvaldo', 'djkuhm@gmail.com', '+542334409838', '1500.00', 'pending', NULL, NULL);
INSERT INTO orders (id, user_id, status, total, shipping_address, payment_method, notes, created_at, updated_at, mercadopago_payment_id, order_number, customer_name, customer_email, customer_phone, total_amount, payment_status, shipped_at, delivered_at) VALUES (22, NULL, 'pending', '1500.00', '{"city":"Eduardo Castex","state":"La Pampa","street":"estrada 1310","country":"Argentina","zipCode":"6310"}', 'credit_card', NULL, '2025-10-25T19:14:53.753Z', '2025-10-25T19:14:53.753Z', NULL, 'ORD-1761408893769-T4TKL5USN', 'kuhm rene osvaldo', 'djkuhm@gmail.com', '+542334409838', '1500.00', 'pending', NULL, NULL);
INSERT INTO orders (id, user_id, status, total, shipping_address, payment_method, notes, created_at, updated_at, mercadopago_payment_id, order_number, customer_name, customer_email, customer_phone, total_amount, payment_status, shipped_at, delivered_at) VALUES (23, NULL, 'pending', '1500.00', '{"city":"Eduardo Castex","state":"La Pampa","street":"estrada 1310","country":"Argentina","zipCode":"6310"}', 'credit_card', NULL, '2025-10-25T19:20:36.992Z', '2025-10-25T19:20:36.992Z', NULL, 'ORD-1761409237007-L6T88ZKHN', 'kuhm rene osvaldo', 'djkuhm@gmail.com', '+542334409838', '1500.00', 'pending', NULL, NULL);
INSERT INTO orders (id, user_id, status, total, shipping_address, payment_method, notes, created_at, updated_at, mercadopago_payment_id, order_number, customer_name, customer_email, customer_phone, total_amount, payment_status, shipped_at, delivered_at) VALUES (24, NULL, 'pending', '1500.00', '{"city":"Eduardo Castex","state":"La Pampa","street":"estrada 1310","country":"Argentina","zipCode":"6310"}', 'credit_card', NULL, '2025-10-25T19:25:45.198Z', '2025-10-25T19:25:45.198Z', NULL, 'ORD-1761409545212-AOA38AWDG', 'kuhm rene osvaldo', 'djkuhm@gmail.com', '+542334409838', '1500.00', 'pending', NULL, NULL);
INSERT INTO orders (id, user_id, status, total, shipping_address, payment_method, notes, created_at, updated_at, mercadopago_payment_id, order_number, customer_name, customer_email, customer_phone, total_amount, payment_status, shipped_at, delivered_at) VALUES (25, NULL, 'pending', '1500.00', '{"city":"Eduardo Castex","state":"La Pampa","street":"estrada 1310","country":"Argentina","zipCode":"6310"}', 'credit_card', NULL, '2025-10-25T19:26:24.996Z', '2025-10-25T19:26:24.996Z', NULL, 'ORD-1761409584909-S9J9DRVBV', 'kuhm rene osvaldo', 'djkuhm@gmail.com', '+542334409838', '1500.00', 'pending', NULL, NULL);
INSERT INTO orders (id, user_id, status, total, shipping_address, payment_method, notes, created_at, updated_at, mercadopago_payment_id, order_number, customer_name, customer_email, customer_phone, total_amount, payment_status, shipped_at, delivered_at) VALUES (26, NULL, 'pending', '1500.00', '{"city":"Eduardo Castex","state":"La Pampa","street":"estrada 1310","country":"Argentina","zipCode":"6310"}', 'credit_card', NULL, '2025-10-28T03:39:53.067Z', '2025-10-28T03:39:53.067Z', NULL, 'ORD-1761611993082-I5RDLHPEZ', 'kuhm rene osvaldo', 'djkuhm@gmail.com', '+542334409838', '1500.00', 'pending', NULL, NULL);
INSERT INTO orders (id, user_id, status, total, shipping_address, payment_method, notes, created_at, updated_at, mercadopago_payment_id, order_number, customer_name, customer_email, customer_phone, total_amount, payment_status, shipped_at, delivered_at) VALUES (27, NULL, 'pending', '1500.00', '{"city":"Eduardo Castex","state":"La Pampa","street":"estrada 1310","country":"Argentina","zipCode":"6310"}', 'credit_card', NULL, '2025-11-02T16:57:41.747Z', '2025-11-02T16:57:41.747Z', NULL, 'ORD-1762091861761-3QQUXSQUD', 'kuhm rene osvaldo', 'djkuhm@gmail.com', '+542334409838', '1500.00', 'pending', NULL, NULL);

-- Data for table: refresh_tokens
INSERT INTO refresh_tokens (id, user_id, token, expires_at, revoked_at, created_at) VALUES (1, 1, 'eyJhbGciOiJIUzI1NiIsInR5cCI6IkpXVCJ9.eyJ1c2VySWQiOjEsImVtYWlsIjoiYWRtaW5AYWd1YW1hcmluYS5jb20iLCJyb2xlIjoiYWRtaW4iLCJpYXQiOjE3NjA1MzE5MjcsImV4cCI6MTc2MzEyMzkyN30.h_Tg1JOFNprw7s9VJs0jB_BnEhA27NJFD-YSN9DlEk4', '2025-10-22T15:38:47.213Z', NULL, '2025-10-15T15:38:47.214Z');
INSERT INTO refresh_tokens (id, user_id, token, expires_at, revoked_at, created_at) VALUES (2, 1, 'eyJhbGciOiJIUzI1NiIsInR5cCI6IkpXVCJ9.eyJ1c2VySWQiOjEsImVtYWlsIjoiYWRtaW5AYWd1YW1hcmluYS5jb20iLCJyb2xlIjoiYWRtaW4iLCJpYXQiOjE3NjA1MzIxMzIsImV4cCI6MTc2MzEyNDEzMn0.U4A7sp4oaV79wBtKuwpbpFJpXGlb1a6_rbbwk5K5exY', '2025-10-22T15:42:12.429Z', NULL, '2025-10-15T15:42:12.429Z');
INSERT INTO refresh_tokens (id, user_id, token, expires_at, revoked_at, created_at) VALUES (3, 1, 'eyJhbGciOiJIUzI1NiIsInR5cCI6IkpXVCJ9.eyJ1c2VySWQiOjEsImVtYWlsIjoiYWRtaW5AYWd1YW1hcmluYS5jb20iLCJyb2xlIjoiYWRtaW4iLCJpYXQiOjE3NjA1MzQxNDcsImV4cCI6MTc2MzEyNjE0N30.FrTAx9JQaf_njgwHKmHgQm2WD2QDNBEphxicTZHbNmA', '2025-10-22T16:15:47.988Z', NULL, '2025-10-15T16:15:47.989Z');
INSERT INTO refresh_tokens (id, user_id, token, expires_at, revoked_at, created_at) VALUES (4, 1, 'eyJhbGciOiJIUzI1NiIsInR5cCI6IkpXVCJ9.eyJ1c2VySWQiOjEsImVtYWlsIjoiYWRtaW5AYWd1YW1hcmluYS5jb20iLCJyb2xlIjoiYWRtaW4iLCJpYXQiOjE3NjA1MzQ1NjcsImV4cCI6MTc2MzEyNjU2N30.kv0T2OLaeHoKs3PLPfhIzCL6ml6kUKGlqBNw8bvKXCE', '2025-10-22T16:22:47.149Z', NULL, '2025-10-15T16:22:47.150Z');
INSERT INTO refresh_tokens (id, user_id, token, expires_at, revoked_at, created_at) VALUES (5, 1, 'eyJhbGciOiJIUzI1NiIsInR5cCI6IkpXVCJ9.eyJ1c2VySWQiOjEsImVtYWlsIjoiYWRtaW5AYWd1YW1hcmluYS5jb20iLCJyb2xlIjoiYWRtaW4iLCJpYXQiOjE3NjA1MzQ4MDgsImV4cCI6MTc2MzEyNjgwOH0.5O3qQ0LXZf964BjMfmgA_-LzpIC5W1XxR15jCEbGnws', '2025-10-22T16:26:48.121Z', NULL, '2025-10-15T16:26:48.122Z');
INSERT INTO refresh_tokens (id, user_id, token, expires_at, revoked_at, created_at) VALUES (6, 1, 'eyJhbGciOiJIUzI1NiIsInR5cCI6IkpXVCJ9.eyJ1c2VySWQiOjEsImVtYWlsIjoiYWRtaW5AYWd1YW1hcmluYS5jb20iLCJyb2xlIjoiYWRtaW4iLCJpYXQiOjE3NjA1MzY0NzUsImV4cCI6MTc2MzEyODQ3NX0.anx-4mYnopTP4FmTTNbc4jbCSJGLw0fRs0Gpv_-DCM0', '2025-10-22T16:54:35.013Z', NULL, '2025-10-15T16:54:35.015Z');
INSERT INTO refresh_tokens (id, user_id, token, expires_at, revoked_at, created_at) VALUES (7, 1, 'eyJhbGciOiJIUzI1NiIsInR5cCI6IkpXVCJ9.eyJ1c2VySWQiOjEsImVtYWlsIjoiYWRtaW5AYWd1YW1hcmluYS5jb20iLCJyb2xlIjoiYWRtaW4iLCJpYXQiOjE3NjA1Mzc2ODQsImV4cCI6MTc2MzEyOTY4NH0.f8gnqlvUpCpzGsv2Vx7HpILDGfexx2qRfVtqq95fWeM', '2025-10-22T17:14:44.761Z', NULL, '2025-10-15T17:14:44.759Z');
INSERT INTO refresh_tokens (id, user_id, token, expires_at, revoked_at, created_at) VALUES (8, 1, 'eyJhbGciOiJIUzI1NiIsInR5cCI6IkpXVCJ9.eyJ1c2VySWQiOjEsImVtYWlsIjoiYWRtaW5AYWd1YW1hcmluYS5jb20iLCJyb2xlIjoiYWRtaW4iLCJpYXQiOjE3NjA2NjEzMzIsImV4cCI6MTc2MzI1MzMzMn0.gzp4JitAcSpIJ-2G9HWZ6e21UEbeaoPdzZK8phtnmC0', '2025-10-24T03:35:32.061Z', NULL, '2025-10-17T03:35:32.060Z');
INSERT INTO refresh_tokens (id, user_id, token, expires_at, revoked_at, created_at) VALUES (9, 1, 'eyJhbGciOiJIUzI1NiIsInR5cCI6IkpXVCJ9.eyJ1c2VySWQiOjEsImVtYWlsIjoiYWRtaW5AYWd1YW1hcmluYS5jb20iLCJyb2xlIjoiYWRtaW4iLCJpYXQiOjE3NjA2NjU0NzYsImV4cCI6MTc2MzI1NzQ3Nn0.T3wEvRL36w5Yk8w6qRfjWfJEHgVDBtv90eNtvIu0n-s', '2025-10-24T04:44:36.881Z', NULL, '2025-10-17T04:44:36.877Z');
INSERT INTO refresh_tokens (id, user_id, token, expires_at, revoked_at, created_at) VALUES (10, 1, 'eyJhbGciOiJIUzI1NiIsInR5cCI6IkpXVCJ9.eyJ1c2VySWQiOjEsImVtYWlsIjoiYWRtaW5AYWd1YW1hcmluYS5jb20iLCJyb2xlIjoiYWRtaW4iLCJpYXQiOjE3NjA2NjY2NzAsImV4cCI6MTc2MzI1ODY3MH0.y5NG5WAcd_9barkqmtp_8C5vPtcx33M4UfmR_u4YABc', '2025-10-24T05:04:30.895Z', NULL, '2025-10-17T05:04:30.890Z');
INSERT INTO refresh_tokens (id, user_id, token, expires_at, revoked_at, created_at) VALUES (11, 1, 'eyJhbGciOiJIUzI1NiIsInR5cCI6IkpXVCJ9.eyJ1c2VySWQiOjEsImVtYWlsIjoiYWRtaW5AYWd1YW1hcmluYS5jb20iLCJyb2xlIjoiYWRtaW4iLCJpYXQiOjE3NjA2NjY2NzcsImV4cCI6MTc2MzI1ODY3N30.xb0KHOafL-a-5FNEmv7Niy545xgznqLsGfALgsTE6oI', '2025-10-24T05:04:37.488Z', NULL, '2025-10-17T05:04:37.484Z');
INSERT INTO refresh_tokens (id, user_id, token, expires_at, revoked_at, created_at) VALUES (12, 1, 'eyJhbGciOiJIUzI1NiIsInR5cCI6IkpXVCJ9.eyJ1c2VySWQiOjEsImVtYWlsIjoiYWRtaW5AYWd1YW1hcmluYS5jb20iLCJyb2xlIjoiYWRtaW4iLCJpYXQiOjE3NjA2NjY2ODUsImV4cCI6MTc2MzI1ODY4NX0.O9cR4tSxEGXePW-ygzGqqc3EXEAHez23TQXun9n6w9s', '2025-10-24T05:04:45.937Z', NULL, '2025-10-17T05:04:45.932Z');
INSERT INTO refresh_tokens (id, user_id, token, expires_at, revoked_at, created_at) VALUES (13, 1, 'eyJhbGciOiJIUzI1NiIsInR5cCI6IkpXVCJ9.eyJ1c2VySWQiOjEsImVtYWlsIjoiYWRtaW5AYWd1YW1hcmluYS5jb20iLCJyb2xlIjoiYWRtaW4iLCJpYXQiOjE3NjA2NjcwMjEsImV4cCI6MTc2MzI1OTAyMX0.EU995n6d4Su_MQuMNjw9ZOggQiRAK_wnevCFzyN0KYE', '2025-10-24T05:10:21.017Z', NULL, '2025-10-17T05:10:21.011Z');
INSERT INTO refresh_tokens (id, user_id, token, expires_at, revoked_at, created_at) VALUES (14, 1, 'eyJhbGciOiJIUzI1NiIsInR5cCI6IkpXVCJ9.eyJ1c2VySWQiOjEsImVtYWlsIjoiYWRtaW5AYWd1YW1hcmluYS5jb20iLCJyb2xlIjoiYWRtaW4iLCJpYXQiOjE3NjA2NjcwMzEsImV4cCI6MTc2MzI1OTAzMX0.98ZBzrlPrsDjB-6xO5Et7a0ycfBxxvK306bgByJq07w', '2025-10-24T05:10:31.390Z', NULL, '2025-10-17T05:10:31.383Z');
INSERT INTO refresh_tokens (id, user_id, token, expires_at, revoked_at, created_at) VALUES (15, 1, 'eyJhbGciOiJIUzI1NiIsInR5cCI6IkpXVCJ9.eyJ1c2VySWQiOjEsImVtYWlsIjoiYWRtaW5AYWd1YW1hcmluYS5jb20iLCJyb2xlIjoiYWRtaW4iLCJpYXQiOjE3NjA2NjcwNDAsImV4cCI6MTc2MzI1OTA0MH0._RKfq4iXlJIek8p16OxpNfPuHvpJfFdGqCYg5_7omy4', '2025-10-24T05:10:40.436Z', NULL, '2025-10-17T05:10:40.429Z');
INSERT INTO refresh_tokens (id, user_id, token, expires_at, revoked_at, created_at) VALUES (16, 1, 'eyJhbGciOiJIUzI1NiIsInR5cCI6IkpXVCJ9.eyJ1c2VySWQiOjEsImVtYWlsIjoiYWRtaW5AYWd1YW1hcmluYS5jb20iLCJyb2xlIjoiYWRtaW4iLCJpYXQiOjE3NjA2NjczNjIsImV4cCI6MTc2MzI1OTM2Mn0.oE1qLZlW3uPhExJTDQkIUrOpAP-2Mmxa651S3KujM28', '2025-10-24T05:16:02.852Z', NULL, '2025-10-17T05:16:02.850Z');
INSERT INTO refresh_tokens (id, user_id, token, expires_at, revoked_at, created_at) VALUES (17, 1, 'eyJhbGciOiJIUzI1NiIsInR5cCI6IkpXVCJ9.eyJ1c2VySWQiOjEsImVtYWlsIjoiYWRtaW5AYWd1YW1hcmluYS5jb20iLCJyb2xlIjoiYWRtaW4iLCJpYXQiOjE3NjA2NjczOTAsImV4cCI6MTc2MzI1OTM5MH0.Ok9WAdMBIWCI76FjI6fJRwe9LTksa8ibtYx96Y8GTqY', '2025-10-24T05:16:30.555Z', NULL, '2025-10-17T05:16:30.553Z');
INSERT INTO refresh_tokens (id, user_id, token, expires_at, revoked_at, created_at) VALUES (18, 1, 'eyJhbGciOiJIUzI1NiIsInR5cCI6IkpXVCJ9.eyJ1c2VySWQiOjEsImVtYWlsIjoiYWRtaW5AYWd1YW1hcmluYS5jb20iLCJyb2xlIjoiYWRtaW4iLCJpYXQiOjE3NjA2Njc2NjIsImV4cCI6MTc2MzI1OTY2Mn0.oHtxQiRHH3sgbpAfpBn6ccyQSm_j2ZV4DTCed0YtY1c', '2025-10-24T05:21:02.743Z', NULL, '2025-10-17T05:21:02.744Z');
INSERT INTO refresh_tokens (id, user_id, token, expires_at, revoked_at, created_at) VALUES (19, 1, 'eyJhbGciOiJIUzI1NiIsInR5cCI6IkpXVCJ9.eyJ1c2VySWQiOjEsImVtYWlsIjoiYWRtaW5AYWd1YW1hcmluYS5jb20iLCJyb2xlIjoiYWRtaW4iLCJpYXQiOjE3NjA2Njc2NjYsImV4cCI6MTc2MzI1OTY2Nn0.Iv7BLy1GOxoWupV4AyTxngFINUn5Uwo8EPw_RtL_ZUQ', '2025-10-24T05:21:06.659Z', NULL, '2025-10-17T05:21:06.660Z');
INSERT INTO refresh_tokens (id, user_id, token, expires_at, revoked_at, created_at) VALUES (20, 1, 'eyJhbGciOiJIUzI1NiIsInR5cCI6IkpXVCJ9.eyJ1c2VySWQiOjEsImVtYWlsIjoiYWRtaW5AYWd1YW1hcmluYS5jb20iLCJyb2xlIjoiYWRtaW4iLCJpYXQiOjE3NjA2Njc2NjgsImV4cCI6MTc2MzI1OTY2OH0.0lv-_NYm0MuOiIp3NbopCRfM8Cdvc2YApJFroosmGOE', '2025-10-24T05:21:08.508Z', NULL, '2025-10-17T05:21:08.509Z');
INSERT INTO refresh_tokens (id, user_id, token, expires_at, revoked_at, created_at) VALUES (21, 1, 'eyJhbGciOiJIUzI1NiIsInR5cCI6IkpXVCJ9.eyJ1c2VySWQiOjEsImVtYWlsIjoiYWRtaW5AYWd1YW1hcmluYS5jb20iLCJyb2xlIjoiYWRtaW4iLCJpYXQiOjE3NjA2Njc3MTgsImV4cCI6MTc2MzI1OTcxOH0.TpPWu4Y7KWqc2q5_vAP5rEgcv8yjK3ikAx73Ga56pIs', '2025-10-24T05:21:58.504Z', NULL, '2025-10-17T05:21:58.506Z');
INSERT INTO refresh_tokens (id, user_id, token, expires_at, revoked_at, created_at) VALUES (22, 1, 'eyJhbGciOiJIUzI1NiIsInR5cCI6IkpXVCJ9.eyJ1c2VySWQiOjEsImVtYWlsIjoiYWRtaW5AYWd1YW1hcmluYS5jb20iLCJyb2xlIjoiYWRtaW4iLCJpYXQiOjE3NjA2Njc3NDAsImV4cCI6MTc2MzI1OTc0MH0.vyI0bUDLGhbymLCiTfWyMNStQGTJXvrvu3RUyaWbfGU', '2025-10-24T05:22:20.970Z', NULL, '2025-10-17T05:22:20.971Z');
INSERT INTO refresh_tokens (id, user_id, token, expires_at, revoked_at, created_at) VALUES (23, 1, 'eyJhbGciOiJIUzI1NiIsInR5cCI6IkpXVCJ9.eyJ1c2VySWQiOjEsImVtYWlsIjoiYWRtaW5AYWd1YW1hcmluYS5jb20iLCJyb2xlIjoiYWRtaW4iLCJpYXQiOjE3NjA2Njc3NjUsImV4cCI6MTc2MzI1OTc2NX0.cpOTQYYOcrPnIOy1wbQjpNwr5OaAo6xmerRCQHF_Txc', '2025-10-24T05:22:45.878Z', NULL, '2025-10-17T05:22:45.879Z');
INSERT INTO refresh_tokens (id, user_id, token, expires_at, revoked_at, created_at) VALUES (24, 1, 'eyJhbGciOiJIUzI1NiIsInR5cCI6IkpXVCJ9.eyJ1c2VySWQiOjEsImVtYWlsIjoiYWRtaW5AYWd1YW1hcmluYS5jb20iLCJyb2xlIjoiYWRtaW4iLCJpYXQiOjE3NjA2NjgwOTAsImV4cCI6MTc2MzI2MDA5MH0.u4ATv01XRDKHix5o8WvFb3nFPAJg1e1xnQoAvDICPSY', '2025-10-24T05:28:10.008Z', NULL, '2025-10-17T05:28:10.008Z');
INSERT INTO refresh_tokens (id, user_id, token, expires_at, revoked_at, created_at) VALUES (25, 1, 'eyJhbGciOiJIUzI1NiIsInR5cCI6IkpXVCJ9.eyJ1c2VySWQiOjEsImVtYWlsIjoiYWRtaW5AYWd1YW1hcmluYS5jb20iLCJyb2xlIjoiYWRtaW4iLCJpYXQiOjE3NjA2NjgzNDQsImV4cCI6MTc2MzI2MDM0NH0.Nt1WWpQ8IMlVebstaZWkRCQKu6REsVfzQgQ9m2h092M', '2025-10-24T05:32:24.940Z', NULL, '2025-10-17T05:32:24.941Z');
INSERT INTO refresh_tokens (id, user_id, token, expires_at, revoked_at, created_at) VALUES (26, 1, 'eyJhbGciOiJIUzI1NiIsInR5cCI6IkpXVCJ9.eyJ1c2VySWQiOjEsImVtYWlsIjoiYWRtaW5AYWd1YW1hcmluYS5jb20iLCJyb2xlIjoiYWRtaW4iLCJpYXQiOjE3NjA2Njk0MDksImV4cCI6MTc2MzI2MTQwOX0.hs6PvWkANIWmPC76cl-YRJRbOKA_UYMxU0pMXxt6YmQ', '2025-10-24T05:50:09.799Z', NULL, '2025-10-17T05:50:09.802Z');
INSERT INTO refresh_tokens (id, user_id, token, expires_at, revoked_at, created_at) VALUES (27, 1, 'eyJhbGciOiJIUzI1NiIsInR5cCI6IkpXVCJ9.eyJ1c2VySWQiOjEsImVtYWlsIjoiYWRtaW5AYWd1YW1hcmluYS5jb20iLCJyb2xlIjoiYWRtaW4iLCJpYXQiOjE3NjA2NzAwNDEsImV4cCI6MTc2MzI2MjA0MX0.bkHYw7WRSHTDNezA0vMYIuMfkhOyR4bFpzVFN6E3dBc', '2025-10-24T06:00:41.488Z', NULL, '2025-10-17T06:00:41.491Z');
INSERT INTO refresh_tokens (id, user_id, token, expires_at, revoked_at, created_at) VALUES (28, 1, 'eyJhbGciOiJIUzI1NiIsInR5cCI6IkpXVCJ9.eyJ1c2VySWQiOjEsImVtYWlsIjoiYWRtaW5AYWd1YW1hcmluYS5jb20iLCJyb2xlIjoiYWRtaW4iLCJpYXQiOjE3NjA2NzA1NjksImV4cCI6MTc2MzI2MjU2OX0.xA8mU46EJqsnObuDnEjFQifK4aKv16vhioKb6aKdU1Y', '2025-10-24T06:09:29.768Z', NULL, '2025-10-17T06:09:29.771Z');
INSERT INTO refresh_tokens (id, user_id, token, expires_at, revoked_at, created_at) VALUES (29, 1, 'eyJhbGciOiJIUzI1NiIsInR5cCI6IkpXVCJ9.eyJ1c2VySWQiOjEsImVtYWlsIjoiYWRtaW5AYWd1YW1hcmluYS5jb20iLCJyb2xlIjoiYWRtaW4iLCJpYXQiOjE3NjA2NzEwOTAsImV4cCI6MTc2MzI2MzA5MH0.U1Sq-JyzIWiqB7AYlsPbLrYDzDvubmVR7Bh5e4I-0cQ', '2025-10-24T06:18:10.144Z', NULL, '2025-10-17T06:18:10.146Z');
INSERT INTO refresh_tokens (id, user_id, token, expires_at, revoked_at, created_at) VALUES (30, 1, 'eyJhbGciOiJIUzI1NiIsInR5cCI6IkpXVCJ9.eyJ1c2VySWQiOjEsImVtYWlsIjoiYWRtaW5AYWd1YW1hcmluYS5jb20iLCJyb2xlIjoiYWRtaW4iLCJpYXQiOjE3NjA2NzE1MDYsImV4cCI6MTc2MzI2MzUwNn0.H9IC2eSuFUpquy7ZFG8iTG08kj1tAUL9djAiZqK_PtI', '2025-10-24T06:25:06.333Z', NULL, '2025-10-17T06:25:06.338Z');
INSERT INTO refresh_tokens (id, user_id, token, expires_at, revoked_at, created_at) VALUES (31, 1, 'eyJhbGciOiJIUzI1NiIsInR5cCI6IkpXVCJ9.eyJ1c2VySWQiOjEsImVtYWlsIjoiYWRtaW5AYWd1YW1hcmluYS5jb20iLCJyb2xlIjoiYWRtaW4iLCJpYXQiOjE3NjA2NzIxMjcsImV4cCI6MTc2MzI2NDEyN30.sV59P-T-dusK1vX4qtQo-ykx4_flajFvSDIm6h8V8lU', '2025-10-24T06:35:27.781Z', NULL, '2025-10-17T06:35:27.781Z');
INSERT INTO refresh_tokens (id, user_id, token, expires_at, revoked_at, created_at) VALUES (32, 1, 'eyJhbGciOiJIUzI1NiIsInR5cCI6IkpXVCJ9.eyJ1c2VySWQiOjEsImVtYWlsIjoiYWRtaW5AYWd1YW1hcmluYS5jb20iLCJyb2xlIjoiYWRtaW4iLCJpYXQiOjE3NjA2NzIxNDksImV4cCI6MTc2MzI2NDE0OX0.hfponu1f9u2dtasY7PQvyX-G0BptxM3dInIaSzv7Kaw', '2025-10-24T06:35:49.104Z', NULL, '2025-10-17T06:35:49.105Z');
INSERT INTO refresh_tokens (id, user_id, token, expires_at, revoked_at, created_at) VALUES (33, 1, 'eyJhbGciOiJIUzI1NiIsInR5cCI6IkpXVCJ9.eyJ1c2VySWQiOjEsImVtYWlsIjoiYWRtaW5AYWd1YW1hcmluYS5jb20iLCJyb2xlIjoiYWRtaW4iLCJpYXQiOjE3NjA2NzI5MzQsImV4cCI6MTc2MzI2NDkzNH0.9yz0HDUyy-zCbECpuwd0u-jPsDntLJm36JgSHodhseU', '2025-10-24T06:48:54.089Z', NULL, '2025-10-17T06:48:54.089Z');
INSERT INTO refresh_tokens (id, user_id, token, expires_at, revoked_at, created_at) VALUES (34, 1, 'eyJhbGciOiJIUzI1NiIsInR5cCI6IkpXVCJ9.eyJ1c2VySWQiOjEsImVtYWlsIjoiYWRtaW5AYWd1YW1hcmluYS5jb20iLCJyb2xlIjoiYWRtaW4iLCJpYXQiOjE3NjExMzI1NjksImV4cCI6MTc2MzcyNDU2OX0.1bp_HwC3o9OYa-oXUeNumSNTWwoUxGyHE7lQwtRZH_g', '2025-10-29T14:29:29.452Z', NULL, '2025-10-22T14:29:29.453Z');
INSERT INTO refresh_tokens (id, user_id, token, expires_at, revoked_at, created_at) VALUES (35, 1, 'eyJhbGciOiJIUzI1NiIsInR5cCI6IkpXVCJ9.eyJ1c2VySWQiOjEsImVtYWlsIjoiYWRtaW5AYWd1YW1hcmluYS5jb20iLCJyb2xlIjoiYWRtaW4iLCJpYXQiOjE3NjExNDg3ODEsImV4cCI6MTc2Mzc0MDc4MX0.Eglvx1IzztYwLSu9uNxskvZUNQUv9U69BA5MQa6pjW0', '2025-10-29T18:59:41.006Z', NULL, '2025-10-22T18:59:41.005Z');
INSERT INTO refresh_tokens (id, user_id, token, expires_at, revoked_at, created_at) VALUES (36, 1, 'eyJhbGciOiJIUzI1NiIsInR5cCI6IkpXVCJ9.eyJ1c2VySWQiOjEsImVtYWlsIjoiYWRtaW5AYWd1YW1hcmluYS5jb20iLCJyb2xlIjoiYWRtaW4iLCJpYXQiOjE3NjExNDk1ODMsImV4cCI6MTc2Mzc0MTU4M30.FJFeAJU8Ua7rG8nMe7DP8nTv1XvYSR21pjySVz0uFzQ', '2025-10-29T19:13:03.612Z', NULL, '2025-10-22T19:13:03.612Z');
INSERT INTO refresh_tokens (id, user_id, token, expires_at, revoked_at, created_at) VALUES (37, 1, 'eyJhbGciOiJIUzI1NiIsInR5cCI6IkpXVCJ9.eyJ1c2VySWQiOjEsImVtYWlsIjoiYWRtaW5AYWd1YW1hcmluYS5jb20iLCJyb2xlIjoiYWRtaW4iLCJpYXQiOjE3NjExNTAyNDUsImV4cCI6MTc2Mzc0MjI0NX0.7t-KEtaCO7Ejqe2UXSsT7PpKFfBFUlSvFszk68SZ0uw', '2025-10-29T19:24:05.709Z', NULL, '2025-10-22T19:24:05.710Z');
INSERT INTO refresh_tokens (id, user_id, token, expires_at, revoked_at, created_at) VALUES (38, 1, 'eyJhbGciOiJIUzI1NiIsInR5cCI6IkpXVCJ9.eyJ1c2VySWQiOjEsImVtYWlsIjoiYWRtaW5AYWd1YW1hcmluYS5jb20iLCJyb2xlIjoiYWRtaW4iLCJpYXQiOjE3NjExNjEyNDQsImV4cCI6MTc2Mzc1MzI0NH0.p-WBlbe8YKd1oBpfN7Rt03b4md1dQ9nMeArweBDRECA', '2025-10-29T22:27:24.764Z', NULL, '2025-10-22T22:27:24.761Z');
INSERT INTO refresh_tokens (id, user_id, token, expires_at, revoked_at, created_at) VALUES (39, 1, 'eyJhbGciOiJIUzI1NiIsInR5cCI6IkpXVCJ9.eyJ1c2VySWQiOjEsImVtYWlsIjoiYWRtaW5AYWd1YW1hcmluYS5jb20iLCJyb2xlIjoiYWRtaW4iLCJpYXQiOjE3NjExNjI1OTYsImV4cCI6MTc2Mzc1NDU5Nn0.fy7ItCngB1KockcrDITtfAJql4jXlhrei-jTdsS2zoI', '2025-10-29T22:49:56.745Z', NULL, '2025-10-22T22:49:56.746Z');
INSERT INTO refresh_tokens (id, user_id, token, expires_at, revoked_at, created_at) VALUES (40, 1, 'eyJhbGciOiJIUzI1NiIsInR5cCI6IkpXVCJ9.eyJ1c2VySWQiOjEsImVtYWlsIjoiYWRtaW5AYWd1YW1hcmluYS5jb20iLCJyb2xlIjoiYWRtaW4iLCJpYXQiOjE3NjExNjI2NDAsImV4cCI6MTc2Mzc1NDY0MH0.KWLXbt6BazQK7Aq_kYkWh3dKzyR_VQw9EK5tAWM8yAU', '2025-10-29T22:50:40.389Z', NULL, '2025-10-22T22:50:40.389Z');
INSERT INTO refresh_tokens (id, user_id, token, expires_at, revoked_at, created_at) VALUES (41, 1, 'eyJhbGciOiJIUzI1NiIsInR5cCI6IkpXVCJ9.eyJ1c2VySWQiOjEsImVtYWlsIjoiYWRtaW5AYWd1YW1hcmluYS5jb20iLCJyb2xlIjoiYWRtaW4iLCJpYXQiOjE3NjExNjI2ODMsImV4cCI6MTc2Mzc1NDY4M30.idya-R_pKtyqXPCK6tlJRzk9pmV0nCbHonDBcZCBhCc', '2025-10-29T22:51:23.248Z', NULL, '2025-10-22T22:51:23.247Z');
INSERT INTO refresh_tokens (id, user_id, token, expires_at, revoked_at, created_at) VALUES (42, 1, 'eyJhbGciOiJIUzI1NiIsInR5cCI6IkpXVCJ9.eyJ1c2VySWQiOjEsImVtYWlsIjoiYWRtaW5AYWd1YW1hcmluYS5jb20iLCJyb2xlIjoiYWRtaW4iLCJpYXQiOjE3NjExNjM4NzUsImV4cCI6MTc2Mzc1NTg3NX0.-jhd7qdgE8211nUVjkEj4TR7hZ_0fDKzzCBac1UhVUU', '2025-10-29T23:11:15.473Z', NULL, '2025-10-22T23:11:15.470Z');
INSERT INTO refresh_tokens (id, user_id, token, expires_at, revoked_at, created_at) VALUES (43, 1, 'eyJhbGciOiJIUzI1NiIsInR5cCI6IkpXVCJ9.eyJ1c2VySWQiOjEsImVtYWlsIjoiYWRtaW5AYWd1YW1hcmluYS5jb20iLCJyb2xlIjoiYWRtaW4iLCJpYXQiOjE3NjExNjQ2NTEsImV4cCI6MTc2Mzc1NjY1MX0.yq4eCgzVDFsxndHjxWOi14zpdKgJOEzBsSnOeAKV7lc', '2025-10-29T23:24:11.051Z', NULL, '2025-10-22T23:24:11.049Z');
INSERT INTO refresh_tokens (id, user_id, token, expires_at, revoked_at, created_at) VALUES (44, 1, 'eyJhbGciOiJIUzI1NiIsInR5cCI6IkpXVCJ9.eyJ1c2VySWQiOjEsImVtYWlsIjoiYWRtaW5AYWd1YW1hcmluYS5jb20iLCJyb2xlIjoiYWRtaW4iLCJpYXQiOjE3NjExNjcyMDYsImV4cCI6MTc2Mzc1OTIwNn0.xC4G78UjL_ofFKqZovnHQ5hDVHamCeipgEoPk3AxmXY', '2025-10-30T00:06:46.233Z', NULL, '2025-10-23T00:06:46.235Z');
INSERT INTO refresh_tokens (id, user_id, token, expires_at, revoked_at, created_at) VALUES (45, 1, 'eyJhbGciOiJIUzI1NiIsInR5cCI6IkpXVCJ9.eyJ1c2VySWQiOjEsImVtYWlsIjoiYWRtaW5AYWd1YW1hcmluYS5jb20iLCJyb2xlIjoiYWRtaW4iLCJpYXQiOjE3NjExNjc3MTEsImV4cCI6MTc2Mzc1OTcxMX0.tS-bWamhtqDJLy3atlhdVdO1Sf0vyW8WGeFfyUcVvcQ', '2025-10-30T00:15:11.291Z', NULL, '2025-10-23T00:15:11.294Z');
INSERT INTO refresh_tokens (id, user_id, token, expires_at, revoked_at, created_at) VALUES (46, 1, 'eyJhbGciOiJIUzI1NiIsInR5cCI6IkpXVCJ9.eyJ1c2VySWQiOjEsImVtYWlsIjoiYWRtaW5AYWd1YW1hcmluYS5jb20iLCJyb2xlIjoiYWRtaW4iLCJpYXQiOjE3NjExNjgwNzMsImV4cCI6MTc2Mzc2MDA3M30.EKyhYagfZ15WtyWmn8RIiQ1-Mh8YJcA59mBpAKBaMAg', '2025-10-30T00:21:13.579Z', NULL, '2025-10-23T00:21:13.579Z');
INSERT INTO refresh_tokens (id, user_id, token, expires_at, revoked_at, created_at) VALUES (47, 1, 'eyJhbGciOiJIUzI1NiIsInR5cCI6IkpXVCJ9.eyJ1c2VySWQiOjEsImVtYWlsIjoiYWRtaW5AYWd1YW1hcmluYS5jb20iLCJyb2xlIjoiYWRtaW4iLCJpYXQiOjE3NjExNjgyMzUsImV4cCI6MTc2Mzc2MDIzNX0.Lhw7fAsZIS1v3oqW3IIzhJHTLWSCDrGboLr_jb_w0j8', '2025-10-30T00:23:55.888Z', NULL, '2025-10-23T00:23:55.884Z');
INSERT INTO refresh_tokens (id, user_id, token, expires_at, revoked_at, created_at) VALUES (48, 1, 'eyJhbGciOiJIUzI1NiIsInR5cCI6IkpXVCJ9.eyJ1c2VySWQiOjEsImVtYWlsIjoiYWRtaW5AYWd1YW1hcmluYS5jb20iLCJyb2xlIjoiYWRtaW4iLCJpYXQiOjE3NjExNjg5NTEsImV4cCI6MTc2Mzc2MDk1MX0.nnKZEKZRw4dC93H_gUwmIEGkg6lkNqlCOz9IEKABOnA', '2025-10-30T00:35:51.282Z', NULL, '2025-10-23T00:35:51.282Z');
INSERT INTO refresh_tokens (id, user_id, token, expires_at, revoked_at, created_at) VALUES (49, 1, 'eyJhbGciOiJIUzI1NiIsInR5cCI6IkpXVCJ9.eyJ1c2VySWQiOjEsImVtYWlsIjoiYWRtaW5AYWd1YW1hcmluYS5jb20iLCJyb2xlIjoiYWRtaW4iLCJpYXQiOjE3NjExNjkzMjMsImV4cCI6MTc2Mzc2MTMyM30.BzBYkCWBRqZEVmgZ1w2hkXHUFJZAOG5nxUmMnLoKY4Q', '2025-10-30T00:42:03.767Z', NULL, '2025-10-23T00:42:03.766Z');
INSERT INTO refresh_tokens (id, user_id, token, expires_at, revoked_at, created_at) VALUES (50, 1, 'eyJhbGciOiJIUzI1NiIsInR5cCI6IkpXVCJ9.eyJ1c2VySWQiOjEsImVtYWlsIjoiYWRtaW5AYWd1YW1hcmluYS5jb20iLCJyb2xlIjoiYWRtaW4iLCJpYXQiOjE3NjExNzAxNzAsImV4cCI6MTc2Mzc2MjE3MH0.4JWaoVb7VIV1Lc-SUjLo7MA7f0vzLFh0jFS5gVwUbG0', '2025-10-30T00:56:10.943Z', NULL, '2025-10-23T00:56:10.943Z');
INSERT INTO refresh_tokens (id, user_id, token, expires_at, revoked_at, created_at) VALUES (51, 1, 'eyJhbGciOiJIUzI1NiIsInR5cCI6IkpXVCJ9.eyJ1c2VySWQiOjEsImVtYWlsIjoiYWRtaW5AYWd1YW1hcmluYS5jb20iLCJyb2xlIjoiYWRtaW4iLCJpYXQiOjE3NjExNzA1OTAsImV4cCI6MTc2Mzc2MjU5MH0.lyAKiJnBYP4-CPRFKfiJyNcyd9mdOw1pkqGFRFIW2LU', '2025-10-30T01:03:10.284Z', NULL, '2025-10-23T01:03:10.288Z');
INSERT INTO refresh_tokens (id, user_id, token, expires_at, revoked_at, created_at) VALUES (52, 1, 'eyJhbGciOiJIUzI1NiIsInR5cCI6IkpXVCJ9.eyJ1c2VySWQiOjEsImVtYWlsIjoiYWRtaW5AYWd1YW1hcmluYS5jb20iLCJyb2xlIjoiYWRtaW4iLCJpYXQiOjE3NjExNzA3NDcsImV4cCI6MTc2Mzc2Mjc0N30.q9j8d-txxtkZaJlHqwzCsaEbGCOyWytQoEbG4R1d2Us', '2025-10-30T01:05:47.782Z', NULL, '2025-10-23T01:05:47.788Z');
INSERT INTO refresh_tokens (id, user_id, token, expires_at, revoked_at, created_at) VALUES (53, 1, 'eyJhbGciOiJIUzI1NiIsInR5cCI6IkpXVCJ9.eyJ1c2VySWQiOjEsImVtYWlsIjoiYWRtaW5AYWd1YW1hcmluYS5jb20iLCJyb2xlIjoiYWRtaW4iLCJpYXQiOjE3NjExNzE1MzYsImV4cCI6MTc2Mzc2MzUzNn0.xrDWyfd_dr1enR7JNLRyYa3PYqZxzTkMyNpKYFec5x0', '2025-10-30T01:18:56.957Z', NULL, '2025-10-23T01:18:56.962Z');
INSERT INTO refresh_tokens (id, user_id, token, expires_at, revoked_at, created_at) VALUES (54, 1, 'eyJhbGciOiJIUzI1NiIsInR5cCI6IkpXVCJ9.eyJ1c2VySWQiOjEsImVtYWlsIjoiYWRtaW5AYWd1YW1hcmluYS5jb20iLCJyb2xlIjoiYWRtaW4iLCJpYXQiOjE3NjEyNDExNTUsImV4cCI6MTc2MzgzMzE1NX0.A-RgLY5_jQ1u-lFVcYIKW6Ks7kFR4eyDt7ZmRNyuUHE', '2025-10-30T20:39:15.368Z', NULL, '2025-10-23T20:39:15.368Z');
INSERT INTO refresh_tokens (id, user_id, token, expires_at, revoked_at, created_at) VALUES (55, 1, 'eyJhbGciOiJIUzI1NiIsInR5cCI6IkpXVCJ9.eyJ1c2VySWQiOjEsImVtYWlsIjoiYWRtaW5AYWd1YW1hcmluYS5jb20iLCJyb2xlIjoiYWRtaW4iLCJpYXQiOjE3NjEyNDM1MzcsImV4cCI6MTc2MzgzNTUzN30.jCYCZCpYRfgY2uQorenTkFiwlcMQHJnxu1BPDxrzLFE', '2025-10-30T21:18:57.632Z', NULL, '2025-10-23T21:18:57.633Z');
INSERT INTO refresh_tokens (id, user_id, token, expires_at, revoked_at, created_at) VALUES (56, 1, 'eyJhbGciOiJIUzI1NiIsInR5cCI6IkpXVCJ9.eyJ1c2VySWQiOjEsImVtYWlsIjoiYWRtaW5AYWd1YW1hcmluYS5jb20iLCJyb2xlIjoiYWRtaW4iLCJpYXQiOjE3NjEyNDM5NzYsImV4cCI6MTc2MzgzNTk3Nn0.0WbPT0LViUYYgx9G0BoqSRNxEXXB6UIrK3jmBH8fxNM', '2025-10-30T21:26:16.659Z', NULL, '2025-10-23T21:26:16.657Z');
INSERT INTO refresh_tokens (id, user_id, token, expires_at, revoked_at, created_at) VALUES (57, 1, 'eyJhbGciOiJIUzI1NiIsInR5cCI6IkpXVCJ9.eyJ1c2VySWQiOjEsImVtYWlsIjoiYWRtaW5AYWd1YW1hcmluYS5jb20iLCJyb2xlIjoiYWRtaW4iLCJpYXQiOjE3NjEyNDQ0NTMsImV4cCI6MTc2MzgzNjQ1M30.uzLffLqOIxnZmjwd28FbJPik1lqWiBHEj2e6Tf7O_7s', '2025-10-30T21:34:13.903Z', NULL, '2025-10-23T21:34:13.896Z');
INSERT INTO refresh_tokens (id, user_id, token, expires_at, revoked_at, created_at) VALUES (58, 1, 'eyJhbGciOiJIUzI1NiIsInR5cCI6IkpXVCJ9.eyJ1c2VySWQiOjEsImVtYWlsIjoiYWRtaW5AYWd1YW1hcmluYS5jb20iLCJyb2xlIjoiYWRtaW4iLCJpYXQiOjE3NjEyNDUwNzEsImV4cCI6MTc2MzgzNzA3MX0.qJdeR-RRgUDFFNeBQjJ0EkE-VQp82jt1lA5RbFtEnWU', '2025-10-30T21:44:31.078Z', NULL, '2025-10-23T21:44:31.074Z');
INSERT INTO refresh_tokens (id, user_id, token, expires_at, revoked_at, created_at) VALUES (59, 1, 'eyJhbGciOiJIUzI1NiIsInR5cCI6IkpXVCJ9.eyJ1c2VySWQiOjEsImVtYWlsIjoiYWRtaW5AYWd1YW1hcmluYS5jb20iLCJyb2xlIjoiYWRtaW4iLCJpYXQiOjE3NjEyNDUzOTYsImV4cCI6MTc2MzgzNzM5Nn0.Qdb9MUg5OmIxEiLXjvHTDhF8yZsxgmSOtUJ-92F4uyM', '2025-10-30T21:49:56.160Z', NULL, '2025-10-23T21:49:56.157Z');
INSERT INTO refresh_tokens (id, user_id, token, expires_at, revoked_at, created_at) VALUES (60, 1, 'eyJhbGciOiJIUzI1NiIsInR5cCI6IkpXVCJ9.eyJ1c2VySWQiOjEsImVtYWlsIjoiYWRtaW5AYWd1YW1hcmluYS5jb20iLCJyb2xlIjoiYWRtaW4iLCJpYXQiOjE3NjEyNjI3ODksImV4cCI6MTc2Mzg1NDc4OX0.E8HkME8lX_n8ZvMv-hvzpaqOPm9ECELb71L5MwkLRlI', '2025-10-31T02:39:49.830Z', NULL, '2025-10-24T02:39:49.830Z');
INSERT INTO refresh_tokens (id, user_id, token, expires_at, revoked_at, created_at) VALUES (61, 1, 'eyJhbGciOiJIUzI1NiIsInR5cCI6IkpXVCJ9.eyJ1c2VySWQiOjEsImVtYWlsIjoiYWRtaW5AYWd1YW1hcmluYS5jb20iLCJyb2xlIjoiYWRtaW4iLCJpYXQiOjE3NjEyNjMwNjYsImV4cCI6MTc2Mzg1NTA2Nn0.x6ooe6HqbSHhJu5lUI_61092IrUF2owXjydK-Z933ZY', '2025-10-31T02:44:26.311Z', NULL, '2025-10-24T02:44:26.309Z');
INSERT INTO refresh_tokens (id, user_id, token, expires_at, revoked_at, created_at) VALUES (62, 1, 'eyJhbGciOiJIUzI1NiIsInR5cCI6IkpXVCJ9.eyJ1c2VySWQiOjEsImVtYWlsIjoiYWRtaW5AYWd1YW1hcmluYS5jb20iLCJyb2xlIjoiYWRtaW4iLCJpYXQiOjE3NjEyNjYxODIsImV4cCI6MTc2Mzg1ODE4Mn0.NfPyPPwaXiMnm-IKc1lNppCedbtSwGh76GCuvRvGbWE', '2025-10-31T03:36:22.003Z', NULL, '2025-10-24T03:36:22.003Z');
INSERT INTO refresh_tokens (id, user_id, token, expires_at, revoked_at, created_at) VALUES (63, 1, 'eyJhbGciOiJIUzI1NiIsInR5cCI6IkpXVCJ9.eyJ1c2VySWQiOjEsImVtYWlsIjoiYWRtaW5AYWd1YW1hcmluYS5jb20iLCJyb2xlIjoiYWRtaW4iLCJpYXQiOjE3NjEyNjYyMjcsImV4cCI6MTc2Mzg1ODIyN30.D9MIZuRyeciThYRYzRJg3DqugNqSBJ3Byv1TA5klBcc', '2025-10-31T03:37:07.752Z', NULL, '2025-10-24T03:37:07.751Z');
INSERT INTO refresh_tokens (id, user_id, token, expires_at, revoked_at, created_at) VALUES (64, 1, 'eyJhbGciOiJIUzI1NiIsInR5cCI6IkpXVCJ9.eyJ1c2VySWQiOjEsImVtYWlsIjoiYWRtaW5AYWd1YW1hcmluYS5jb20iLCJyb2xlIjoiYWRtaW4iLCJpYXQiOjE3NjEyNjcyNjcsImV4cCI6MTc2Mzg1OTI2N30.MJKQal77y1U964jvO3H-PNAbCLGixCpLTdp-Jbj9g5M', '2025-10-31T03:54:27.259Z', NULL, '2025-10-24T03:54:27.263Z');
INSERT INTO refresh_tokens (id, user_id, token, expires_at, revoked_at, created_at) VALUES (65, 1, 'eyJhbGciOiJIUzI1NiIsInR5cCI6IkpXVCJ9.eyJ1c2VySWQiOjEsImVtYWlsIjoiYWRtaW5AYWd1YW1hcmluYS5jb20iLCJyb2xlIjoiYWRtaW4iLCJpYXQiOjE3NjEyNjc5ODQsImV4cCI6MTc2Mzg1OTk4NH0.hBonQrC3s-F7bSEZ1cjh-_JVLKr3kgSSSAGteEipw7M', '2025-10-31T04:06:24.831Z', NULL, '2025-10-24T04:06:24.835Z');
INSERT INTO refresh_tokens (id, user_id, token, expires_at, revoked_at, created_at) VALUES (66, 1, 'eyJhbGciOiJIUzI1NiIsInR5cCI6IkpXVCJ9.eyJ1c2VySWQiOjEsImVtYWlsIjoiYWRtaW5AYWd1YW1hcmluYS5jb20iLCJyb2xlIjoiYWRtaW4iLCJpYXQiOjE3NjEyNjg2MDksImV4cCI6MTc2Mzg2MDYwOX0.EXJo7s48wdVxGIU-fjRY2xXzKRbqr97ruXoaP4V_VKs', '2025-10-31T04:16:49.807Z', NULL, '2025-10-24T04:16:49.815Z');
INSERT INTO refresh_tokens (id, user_id, token, expires_at, revoked_at, created_at) VALUES (67, 1, 'eyJhbGciOiJIUzI1NiIsInR5cCI6IkpXVCJ9.eyJ1c2VySWQiOjEsImVtYWlsIjoiYWRtaW5AYWd1YW1hcmluYS5jb20iLCJyb2xlIjoiYWRtaW4iLCJpYXQiOjE3NjEyNjkyNzcsImV4cCI6MTc2Mzg2MTI3N30.YesRBV83AP2RVfP4A9Ijg5QSSu7boFu0QuA_iVLd3z4', '2025-10-31T04:27:57.405Z', NULL, '2025-10-24T04:27:57.416Z');
INSERT INTO refresh_tokens (id, user_id, token, expires_at, revoked_at, created_at) VALUES (68, 1, 'eyJhbGciOiJIUzI1NiIsInR5cCI6IkpXVCJ9.eyJ1c2VySWQiOjEsImVtYWlsIjoiYWRtaW5AYWd1YW1hcmluYS5jb20iLCJyb2xlIjoiYWRtaW4iLCJpYXQiOjE3NjEyNzEyOTMsImV4cCI6MTc2Mzg2MzI5M30.19iKzO8WMQ6XRzIPxxP_1zHs3_iYRUOZC9HPCBwg31E', '2025-10-31T05:01:33.539Z', NULL, '2025-10-24T05:01:33.543Z');
INSERT INTO refresh_tokens (id, user_id, token, expires_at, revoked_at, created_at) VALUES (69, 1, 'eyJhbGciOiJIUzI1NiIsInR5cCI6IkpXVCJ9.eyJ1c2VySWQiOjEsImVtYWlsIjoiYWRtaW5AYWd1YW1hcmluYS5jb20iLCJyb2xlIjoiYWRtaW4iLCJpYXQiOjE3NjEyNzE4NDEsImV4cCI6MTc2Mzg2Mzg0MX0.dhdLNYgAEtFYZpgyhIM7Nh-CfA57paTifvx2ftuD9E4', '2025-10-31T05:10:41.789Z', NULL, '2025-10-24T05:10:41.789Z');
INSERT INTO refresh_tokens (id, user_id, token, expires_at, revoked_at, created_at) VALUES (70, 1, 'eyJhbGciOiJIUzI1NiIsInR5cCI6IkpXVCJ9.eyJ1c2VySWQiOjEsImVtYWlsIjoiYWRtaW5AYWd1YW1hcmluYS5jb20iLCJyb2xlIjoiYWRtaW4iLCJpYXQiOjE3NjEyNzI2ODEsImV4cCI6MTc2Mzg2NDY4MX0.KE2H9_Nim0xFoSJcsZGBksceyF9OmMRe1jJbFOM4gEw', '2025-10-31T05:24:41.970Z', NULL, '2025-10-24T05:24:41.970Z');
INSERT INTO refresh_tokens (id, user_id, token, expires_at, revoked_at, created_at) VALUES (71, 1, 'eyJhbGciOiJIUzI1NiIsInR5cCI6IkpXVCJ9.eyJ1c2VySWQiOjEsImVtYWlsIjoiYWRtaW5AYWd1YW1hcmluYS5jb20iLCJyb2xlIjoiYWRtaW4iLCJpYXQiOjE3NjEyNzM2MzIsImV4cCI6MTc2Mzg2NTYzMn0.Vo_axyJ2owmr2Bg-t-qdagNK325ltBtgPl4jngxPyEg', '2025-10-31T05:40:32.102Z', NULL, '2025-10-24T05:40:32.104Z');
INSERT INTO refresh_tokens (id, user_id, token, expires_at, revoked_at, created_at) VALUES (72, 1, 'eyJhbGciOiJIUzI1NiIsInR5cCI6IkpXVCJ9.eyJ1c2VySWQiOjEsImVtYWlsIjoiYWRtaW5AYWd1YW1hcmluYS5jb20iLCJyb2xlIjoiYWRtaW4iLCJpYXQiOjE3NjEyNzQyMzksImV4cCI6MTc2Mzg2NjIzOX0.SKLjRi41YKvARaqvMmliebl1kbH3H59sXy-swFMKjgU', '2025-10-31T05:50:39.006Z', NULL, '2025-10-24T05:50:39.006Z');
INSERT INTO refresh_tokens (id, user_id, token, expires_at, revoked_at, created_at) VALUES (73, 8, 'eyJhbGciOiJIUzI1NiIsInR5cCI6IkpXVCJ9.eyJ1c2VySWQiOjgsImVtYWlsIjoidGVzdHVzZXI1MDAwQGV4YW1wbGUuY29tIiwicm9sZSI6InVzZXIiLCJpYXQiOjE3NjEzOTg1MzQsImV4cCI6MTc2Mzk5MDUzNH0.nONsfRjyd3agL8xSZb6C-bRH2mlnoT-xw3fQku2jHUY', '2025-11-01T16:22:14.240Z', NULL, '2025-10-25T16:22:14.243Z');
INSERT INTO refresh_tokens (id, user_id, token, expires_at, revoked_at, created_at) VALUES (74, 9, 'eyJhbGciOiJIUzI1NiIsInR5cCI6IkpXVCJ9.eyJ1c2VySWQiOjksImVtYWlsIjoiZGprdWhtQGdtYWlsLmNvbSIsInJvbGUiOiJ1c2VyIiwiaWF0IjoxNzYxMzk4NzU4LCJleHAiOjE3NjM5OTA3NTh9.1envDoyNYq-uC6g8iDrfVnVs-b59XZRAsiHsobXsg_M', '2025-11-01T16:25:58.106Z', NULL, '2025-10-25T16:25:58.112Z');
INSERT INTO refresh_tokens (id, user_id, token, expires_at, revoked_at, created_at) VALUES (75, 9, 'eyJhbGciOiJIUzI1NiIsInR5cCI6IkpXVCJ9.eyJ1c2VySWQiOjksImVtYWlsIjoiZGprdWhtQGdtYWlsLmNvbSIsInJvbGUiOiJ1c2VyIiwiaWF0IjoxNzYxMzk4NzY4LCJleHAiOjE3NjM5OTA3Njh9.ph3Q_Gxa8YZmvfX_xVqAwNqmnh7lmEwd8y5TY_IO5pE', '2025-11-01T16:26:08.040Z', NULL, '2025-10-25T16:26:08.046Z');
INSERT INTO refresh_tokens (id, user_id, token, expires_at, revoked_at, created_at) VALUES (76, 9, 'eyJhbGciOiJIUzI1NiIsInR5cCI6IkpXVCJ9.eyJ1c2VySWQiOjksImVtYWlsIjoiZGprdWhtQGdtYWlsLmNvbSIsInJvbGUiOiJ1c2VyIiwiaWF0IjoxNzYxMzk4OTQwLCJleHAiOjE3NjM5OTA5NDB9.ejeNIa7myykAnCMf97iRAJwMlIiI2IAE7yeMvra8ABc', '2025-11-01T16:29:00.939Z', NULL, '2025-10-25T16:29:00.946Z');
INSERT INTO refresh_tokens (id, user_id, token, expires_at, revoked_at, created_at) VALUES (77, 9, 'eyJhbGciOiJIUzI1NiIsInR5cCI6IkpXVCJ9.eyJ1c2VySWQiOjksImVtYWlsIjoiZGprdWhtQGdtYWlsLmNvbSIsInJvbGUiOiJ1c2VyIiwiaWF0IjoxNzYxNDAwMTk3LCJleHAiOjE3NjM5OTIxOTd9.bDdqV3dqiZ6W4u6UWGlDPSEp6_sORXJ-BBmwWlYhQ4s', '2025-11-01T16:49:57.547Z', NULL, '2025-10-25T16:49:57.549Z');
INSERT INTO refresh_tokens (id, user_id, token, expires_at, revoked_at, created_at) VALUES (78, 9, 'eyJhbGciOiJIUzI1NiIsInR5cCI6IkpXVCJ9.eyJ1c2VySWQiOjksImVtYWlsIjoiZGprdWhtQGdtYWlsLmNvbSIsInJvbGUiOiJ1c2VyIiwiaWF0IjoxNzYxNDAzNDQzLCJleHAiOjE3NjM5OTU0NDN9.XD70gcR6vVjWVrEFZ7K5TNMXDcje5DegmcMcpNqJmHc', '2025-11-01T17:44:03.411Z', NULL, '2025-10-25T17:44:03.414Z');
INSERT INTO refresh_tokens (id, user_id, token, expires_at, revoked_at, created_at) VALUES (79, 9, 'eyJhbGciOiJIUzI1NiIsInR5cCI6IkpXVCJ9.eyJ1c2VySWQiOjksImVtYWlsIjoiZGprdWhtQGdtYWlsLmNvbSIsInJvbGUiOiJ1c2VyIiwiaWF0IjoxNzYxNDAzODAyLCJleHAiOjE3NjM5OTU4MDJ9.85Is9S5qvrk4dJ0Ib-IK_xXvXAZDeY557CMJ1M7xCiw', '2025-11-01T17:50:02.508Z', NULL, '2025-10-25T17:50:02.506Z');
INSERT INTO refresh_tokens (id, user_id, token, expires_at, revoked_at, created_at) VALUES (80, 9, 'eyJhbGciOiJIUzI1NiIsInR5cCI6IkpXVCJ9.eyJ1c2VySWQiOjksImVtYWlsIjoiZGprdWhtQGdtYWlsLmNvbSIsInJvbGUiOiJ1c2VyIiwiaWF0IjoxNzYxNDA0MjE5LCJleHAiOjE3NjM5OTYyMTl9.BZcg2R9nX36AmiL_PZg9OPFRjc7gBQTsJEZB6N-Yb2Q', '2025-11-01T17:56:59.897Z', NULL, '2025-10-25T17:56:59.897Z');
INSERT INTO refresh_tokens (id, user_id, token, expires_at, revoked_at, created_at) VALUES (81, 9, 'eyJhbGciOiJIUzI1NiIsInR5cCI6IkpXVCJ9.eyJ1c2VySWQiOjksImVtYWlsIjoiZGprdWhtQGdtYWlsLmNvbSIsInJvbGUiOiJ1c2VyIiwiaWF0IjoxNzYxNDA0ODQ3LCJleHAiOjE3NjM5OTY4NDd9.a75OVYVRpSuFUkhfsVgAztpT_SuMdfhfaVI_dm0HimM', '2025-11-01T18:07:27.177Z', NULL, '2025-10-25T18:07:27.175Z');
INSERT INTO refresh_tokens (id, user_id, token, expires_at, revoked_at, created_at) VALUES (82, 9, 'eyJhbGciOiJIUzI1NiIsInR5cCI6IkpXVCJ9.eyJ1c2VySWQiOjksImVtYWlsIjoiZGprdWhtQGdtYWlsLmNvbSIsInJvbGUiOiJ1c2VyIiwiaWF0IjoxNzYxNDA5NjI4LCJleHAiOjE3NjQwMDE2Mjh9.VvhtpLpraldpWFI5INxejFujvfMYXKg_nFhj6tkx9DU', '2025-11-01T19:27:08.683Z', NULL, '2025-10-25T19:27:08.671Z');
INSERT INTO refresh_tokens (id, user_id, token, expires_at, revoked_at, created_at) VALUES (83, 9, 'eyJhbGciOiJIUzI1NiIsInR5cCI6IkpXVCJ9.eyJ1c2VySWQiOjksImVtYWlsIjoiZGprdWhtQGdtYWlsLmNvbSIsInJvbGUiOiJ1c2VyIiwiaWF0IjoxNzYxNDIxMjQ5LCJleHAiOjE3NjQwMTMyNDl9.YmtAOLo7bBUGI-myIM7XE7apME6Oq_S6aWL0KzSsnAI', '2025-11-01T22:40:49.718Z', NULL, '2025-10-25T22:40:49.718Z');
INSERT INTO refresh_tokens (id, user_id, token, expires_at, revoked_at, created_at) VALUES (84, 9, 'eyJhbGciOiJIUzI1NiIsInR5cCI6IkpXVCJ9.eyJ1c2VySWQiOjksImVtYWlsIjoiZGprdWhtQGdtYWlsLmNvbSIsInJvbGUiOiJ1c2VyIiwiaWF0IjoxNzYxNDIxMjY2LCJleHAiOjE3NjQwMTMyNjZ9.S2Z9k07aVUHwJybKfPQazpuEB6kHaPgKhS4AFcGl6D4', '2025-11-01T22:41:06.742Z', NULL, '2025-10-25T22:41:06.741Z');
INSERT INTO refresh_tokens (id, user_id, token, expires_at, revoked_at, created_at) VALUES (85, 9, 'eyJhbGciOiJIUzI1NiIsInR5cCI6IkpXVCJ9.eyJ1c2VySWQiOjksImVtYWlsIjoiZGprdWhtQGdtYWlsLmNvbSIsInJvbGUiOiJ1c2VyIiwiaWF0IjoxNzYxNDIxNzgxLCJleHAiOjE3NjQwMTM3ODF9.WX9kEVUpsrUzegtyZCbkEBY-OA0VA_4YbKWsui039C0', '2025-11-01T22:49:41.490Z', NULL, '2025-10-25T22:49:41.493Z');
INSERT INTO refresh_tokens (id, user_id, token, expires_at, revoked_at, created_at) VALUES (86, 9, 'eyJhbGciOiJIUzI1NiIsInR5cCI6IkpXVCJ9.eyJ1c2VySWQiOjksImVtYWlsIjoiZGprdWhtQGdtYWlsLmNvbSIsInJvbGUiOiJ1c2VyIiwiaWF0IjoxNzYxNDIyNjk3LCJleHAiOjE3NjQwMTQ2OTd9.ZG3H_rqqGPlgKz1-d0_QRKD581sNkKdw_isfyQn8p4c', '2025-11-01T23:04:57.066Z', NULL, '2025-10-25T23:04:57.059Z');
INSERT INTO refresh_tokens (id, user_id, token, expires_at, revoked_at, created_at) VALUES (87, 9, 'eyJhbGciOiJIUzI1NiIsInR5cCI6IkpXVCJ9.eyJ1c2VySWQiOjksImVtYWlsIjoiZGprdWhtQGdtYWlsLmNvbSIsInJvbGUiOiJ1c2VyIiwiaWF0IjoxNzYxNDIzOTAxLCJleHAiOjE3NjQwMTU5MDF9.NJ__lJijrRFqLfZ039Kyu9m9P0y6pW0-VAgbjRqNWfc', '2025-11-01T23:25:01.854Z', NULL, '2025-10-25T23:25:01.847Z');
INSERT INTO refresh_tokens (id, user_id, token, expires_at, revoked_at, created_at) VALUES (88, 9, 'eyJhbGciOiJIUzI1NiIsInR5cCI6IkpXVCJ9.eyJ1c2VySWQiOjksImVtYWlsIjoiZGprdWhtQGdtYWlsLmNvbSIsInJvbGUiOiJ1c2VyIiwiaWF0IjoxNzYxNDI0MzMwLCJleHAiOjE3NjQwMTYzMzB9.igNhnS4HWVRvQqmDC6vRXIlRdIy0tVAXLFUXS7y5uvA', '2025-11-01T23:32:10.056Z', NULL, '2025-10-25T23:32:10.048Z');
INSERT INTO refresh_tokens (id, user_id, token, expires_at, revoked_at, created_at) VALUES (89, 9, 'eyJhbGciOiJIUzI1NiIsInR5cCI6IkpXVCJ9.eyJ1c2VySWQiOjksImVtYWlsIjoiZGprdWhtQGdtYWlsLmNvbSIsInJvbGUiOiJ1c2VyIiwiaWF0IjoxNzYxNDI1MTEwLCJleHAiOjE3NjQwMTcxMTB9.g_0ZMDhYeMqJo3t37uZpGRpI-3bqUGER1fp7EMEDBiw', '2025-11-01T23:45:10.584Z', NULL, '2025-10-25T23:45:10.578Z');
INSERT INTO refresh_tokens (id, user_id, token, expires_at, revoked_at, created_at) VALUES (90, 9, 'eyJhbGciOiJIUzI1NiIsInR5cCI6IkpXVCJ9.eyJ1c2VySWQiOjksImVtYWlsIjoiZGprdWhtQGdtYWlsLmNvbSIsInJvbGUiOiJ1c2VyIiwiaWF0IjoxNzYxNDI1OTgzLCJleHAiOjE3NjQwMTc5ODN9.DXsd0Caarh5RltujjNPOZDzjwvrTR1oAjvuSADDuGi0', '2025-11-01T23:59:43.064Z', NULL, '2025-10-25T23:59:43.061Z');
INSERT INTO refresh_tokens (id, user_id, token, expires_at, revoked_at, created_at) VALUES (91, 9, 'eyJhbGciOiJIUzI1NiIsInR5cCI6IkpXVCJ9.eyJ1c2VySWQiOjksImVtYWlsIjoiZGprdWhtQGdtYWlsLmNvbSIsInJvbGUiOiJ1c2VyIiwiaWF0IjoxNzYxNDI2Mzc1LCJleHAiOjE3NjQwMTgzNzV9.XRSw-pTnO2pk7w8zTpDiEnbMDjcBHawkp9ZEDVQu85M', '2025-11-02T00:06:15.272Z', NULL, '2025-10-26T00:06:15.230Z');
INSERT INTO refresh_tokens (id, user_id, token, expires_at, revoked_at, created_at) VALUES (92, 9, 'eyJhbGciOiJIUzI1NiIsInR5cCI6IkpXVCJ9.eyJ1c2VySWQiOjksImVtYWlsIjoiZGprdWhtQGdtYWlsLmNvbSIsInJvbGUiOiJ1c2VyIiwiaWF0IjoxNzYxNDI2ODAzLCJleHAiOjE3NjQwMTg4MDN9.XhYRtpYC9pIQGTtA-UpxVy7hfAR8zyIjIQLcRo3ZyM4', '2025-11-02T00:13:23.096Z', NULL, '2025-10-26T00:13:23.097Z');
INSERT INTO refresh_tokens (id, user_id, token, expires_at, revoked_at, created_at) VALUES (93, 9, 'eyJhbGciOiJIUzI1NiIsInR5cCI6IkpXVCJ9.eyJ1c2VySWQiOjksImVtYWlsIjoiZGprdWhtQGdtYWlsLmNvbSIsInJvbGUiOiJ1c2VyIiwiaWF0IjoxNzYxNDI3MzQzLCJleHAiOjE3NjQwMTkzNDN9.Z-gB89q2geI6XP6fmw48AdDK2Td5qsysTfK6PLxH6e8', '2025-11-02T00:22:23.989Z', NULL, '2025-10-26T00:22:23.990Z');
INSERT INTO refresh_tokens (id, user_id, token, expires_at, revoked_at, created_at) VALUES (94, 9, 'eyJhbGciOiJIUzI1NiIsInR5cCI6IkpXVCJ9.eyJ1c2VySWQiOjksImVtYWlsIjoiZGprdWhtQGdtYWlsLmNvbSIsInJvbGUiOiJ1c2VyIiwiaWF0IjoxNzYxNDI5OTkwLCJleHAiOjE3NjQwMjE5OTB9.L5D4brdH1rZwR2RbDzciuWUD6fP3RwKnGnfH1MVE-BQ', '2025-11-02T01:06:30.939Z', NULL, '2025-10-26T01:06:30.932Z');
INSERT INTO refresh_tokens (id, user_id, token, expires_at, revoked_at, created_at) VALUES (95, 1, 'eyJhbGciOiJIUzI1NiIsInR5cCI6IkpXVCJ9.eyJ1c2VySWQiOjEsImVtYWlsIjoiYWRtaW5AYWd1YW1hcmluYS5jb20iLCJyb2xlIjoiYWRtaW4iLCJpYXQiOjE3NjE0MzEwMDAsImV4cCI6MTc2NDAyMzAwMH0.limZ-kc9xL4Ry8DVcDVlpbB4nj-7obss1kEu0jeJnWs', '2025-11-02T01:23:20.835Z', NULL, '2025-10-26T01:23:20.835Z');
INSERT INTO refresh_tokens (id, user_id, token, expires_at, revoked_at, created_at) VALUES (96, 1, 'eyJhbGciOiJIUzI1NiIsInR5cCI6IkpXVCJ9.eyJ1c2VySWQiOjEsImVtYWlsIjoiYWRtaW5AYWd1YW1hcmluYS5jb20iLCJyb2xlIjoiYWRtaW4iLCJpYXQiOjE3NjE0MzEwMTgsImV4cCI6MTc2NDAyMzAxOH0.KKz5-pBoQjHS36KTBD6ylwGsMNk7tUr2VlrnYlMYNM0', '2025-11-02T01:23:38.220Z', NULL, '2025-10-26T01:23:38.220Z');
INSERT INTO refresh_tokens (id, user_id, token, expires_at, revoked_at, created_at) VALUES (97, 1, 'eyJhbGciOiJIUzI1NiIsInR5cCI6IkpXVCJ9.eyJ1c2VySWQiOjEsImVtYWlsIjoiYWRtaW5AYWd1YW1hcmluYS5jb20iLCJyb2xlIjoiYWRtaW4iLCJpYXQiOjE3NjE0MzIwNjMsImV4cCI6MTc2NDAyNDA2M30.2rBjozvNhH2gw4DWVw2B6-j8PILEnEFIRhQEtAnxDxM', '2025-11-02T01:41:03.839Z', NULL, '2025-10-26T01:41:03.839Z');
INSERT INTO refresh_tokens (id, user_id, token, expires_at, revoked_at, created_at) VALUES (98, 9, 'eyJhbGciOiJIUzI1NiIsInR5cCI6IkpXVCJ9.eyJ1c2VySWQiOjksImVtYWlsIjoiZGprdWhtQGdtYWlsLmNvbSIsInJvbGUiOiJ1c2VyIiwiaWF0IjoxNzYxNDMyMTcxLCJleHAiOjE3NjQwMjQxNzF9.F9ZRl6TqSogwyQXVAFcKb6nK55TIdPBuTKQYXOzKFu4', '2025-11-02T01:42:51.733Z', NULL, '2025-10-26T01:42:51.733Z');
INSERT INTO refresh_tokens (id, user_id, token, expires_at, revoked_at, created_at) VALUES (99, 1, 'eyJhbGciOiJIUzI1NiIsInR5cCI6IkpXVCJ9.eyJ1c2VySWQiOjEsImVtYWlsIjoiYWRtaW5AYWd1YW1hcmluYS5jb20iLCJyb2xlIjoiYWRtaW4iLCJpYXQiOjE3NjE0MzYyMTMsImV4cCI6MTc2NDAyODIxM30.NCu_gsANHnc0tswjdAn_hajZvJKlgrIOw8C7ehOftS8', '2025-11-02T02:50:13.098Z', NULL, '2025-10-26T02:50:13.100Z');
INSERT INTO refresh_tokens (id, user_id, token, expires_at, revoked_at, created_at) VALUES (100, 1, 'eyJhbGciOiJIUzI1NiIsInR5cCI6IkpXVCJ9.eyJ1c2VySWQiOjEsImVtYWlsIjoiYWRtaW5AYWd1YW1hcmluYS5jb20iLCJyb2xlIjoiYWRtaW4iLCJpYXQiOjE3NjE0NDA2MjUsImV4cCI6MTc2NDAzMjYyNX0.Ev0ixHLqUuSQpoEtCxnW5zd9c37B5ExSAqS1sDeCiIg', '2025-11-02T04:03:45.398Z', NULL, '2025-10-26T04:03:45.390Z');
INSERT INTO refresh_tokens (id, user_id, token, expires_at, revoked_at, created_at) VALUES (101, 9, 'eyJhbGciOiJIUzI1NiIsInR5cCI6IkpXVCJ9.eyJ1c2VySWQiOjksImVtYWlsIjoiZGprdWhtQGdtYWlsLmNvbSIsInJvbGUiOiJ1c2VyIiwiaWF0IjoxNzYxNDQwNjUxLCJleHAiOjE3NjQwMzI2NTF9.S3aZCo-JebOob5_o4ypbAzKt-N0BZBEQqzBhZJGxwsQ', '2025-11-02T04:04:11.519Z', NULL, '2025-10-26T04:04:11.511Z');
INSERT INTO refresh_tokens (id, user_id, token, expires_at, revoked_at, created_at) VALUES (102, 1, 'eyJhbGciOiJIUzI1NiIsInR5cCI6IkpXVCJ9.eyJ1c2VySWQiOjEsImVtYWlsIjoiYWRtaW5AYWd1YW1hcmluYS5jb20iLCJyb2xlIjoiYWRtaW4iLCJpYXQiOjE3NjE2MDY2NTMsImV4cCI6MTc2NDE5ODY1M30.Zgf6gM_RpOXzeLshQmXlMcQor3WHj_O-yS7zmQDTxzs', '2025-11-04T02:10:53.042Z', NULL, '2025-10-28T02:10:53.039Z');
INSERT INTO refresh_tokens (id, user_id, token, expires_at, revoked_at, created_at) VALUES (103, 1, 'eyJhbGciOiJIUzI1NiIsInR5cCI6IkpXVCJ9.eyJ1c2VySWQiOjEsImVtYWlsIjoiYWRtaW5AYWd1YW1hcmluYS5jb20iLCJyb2xlIjoiYWRtaW4iLCJpYXQiOjE3NjE2MTA5ODMsImV4cCI6MTc2NDIwMjk4M30.XRHurCEkQdnkTQGtzPFPQjHseNWE0fk0g-vUKItfdU0', '2025-11-04T03:23:03.093Z', NULL, '2025-10-28T03:23:03.083Z');
INSERT INTO refresh_tokens (id, user_id, token, expires_at, revoked_at, created_at) VALUES (104, 1, 'eyJhbGciOiJIUzI1NiIsInR5cCI6IkpXVCJ9.eyJ1c2VySWQiOjEsImVtYWlsIjoiYWRtaW5AYWd1YW1hcmluYS5jb20iLCJyb2xlIjoiYWRtaW4iLCJpYXQiOjE3NjE2MTEyNDEsImV4cCI6MTc2NDIwMzI0MX0.GFp6qWbMnnaKBv9RMpKfB-QEfqyTlcjkeW7d6YVlq9c', '2025-11-04T03:27:21.917Z', NULL, '2025-10-28T03:27:21.906Z');
INSERT INTO refresh_tokens (id, user_id, token, expires_at, revoked_at, created_at) VALUES (105, 1, 'eyJhbGciOiJIUzI1NiIsInR5cCI6IkpXVCJ9.eyJ1c2VySWQiOjEsImVtYWlsIjoiYWRtaW5AYWd1YW1hcmluYS5jb20iLCJyb2xlIjoiYWRtaW4iLCJpYXQiOjE3NjE2MTE1MjcsImV4cCI6MTc2NDIwMzUyN30.lofRBne3IA-ZyIhpJbinlwZEfAsU94Yl_YIZ2cwcFac', '2025-11-04T03:32:07.624Z', NULL, '2025-10-28T03:32:07.610Z');
INSERT INTO refresh_tokens (id, user_id, token, expires_at, revoked_at, created_at) VALUES (106, 1, 'eyJhbGciOiJIUzI1NiIsInR5cCI6IkpXVCJ9.eyJ1c2VySWQiOjEsImVtYWlsIjoiYWRtaW5AYWd1YW1hcmluYS5jb20iLCJyb2xlIjoiYWRtaW4iLCJpYXQiOjE3NjE2NjczNDgsImV4cCI6MTc2NDI1OTM0OH0.LrpC9JTuSciuKietQgCbprm-mcXpkHFgQ2c07-yJX50', '2025-11-04T19:02:28.498Z', NULL, '2025-10-28T19:02:28.501Z');
INSERT INTO refresh_tokens (id, user_id, token, expires_at, revoked_at, created_at) VALUES (107, 1, 'eyJhbGciOiJIUzI1NiIsInR5cCI6IkpXVCJ9.eyJ1c2VySWQiOjEsImVtYWlsIjoiYWRtaW5AYWd1YW1hcmluYS5jb20iLCJyb2xlIjoiYWRtaW4iLCJpYXQiOjE3NjIwOTE2MjUsImV4cCI6MTc2NDY4MzYyNX0.IC21sFA91v9-CUowdAE7pqfeSVPNrE8HsycdrbcO5Ik', '2025-11-09T16:53:45.959Z', NULL, '2025-11-02T16:53:45.945Z');

-- Data for table: users
INSERT INTO users (id, email, password, phone, role, created_at, updated_at, name) VALUES (1, 'admin@aguamarina.com', '$2a$10$MVFlRLCojk.MICX8IyET6es9IVwqpIQZ2rGrvCIqpifcwnZ2AtDgG', '+54 11 1234-5678', 'admin', '2025-10-15T14:05:10.922Z', '2025-10-15T14:09:34.316Z', NULL);
INSERT INTO users (id, email, password, phone, role, created_at, updated_at, name) VALUES (8, 'testuser5000@example.com', '$2a$10$d6haL4WyXyMpzWBhFEMkJOgVc0x8Hb0OAkfjYe/EC/t.iE7SJiuWO', NULL, 'user', '2025-10-25T16:22:14.210Z', '2025-10-25T16:22:14.210Z', 'Test User');
INSERT INTO users (id, email, password, phone, role, created_at, updated_at, name) VALUES (9, 'djkuhm@gmail.com', '$2a$10$ikaB/UiK0vaTD.Xa8JFZ3.1CIvMD832vJmFNXdIHOhd1OAVfvTpUi', '+542334409838', 'user', '2025-10-25T16:25:58.100Z', '2025-10-25T16:25:58.100Z', 'kuhm rene osvaldo');

